id,id_station,nom,desserte,gid,last_updat,last_upd_1,geometry,index_right,year,reg_code,reg_name,dep_code,dep_name,arrdep_code,arrdep_name,ze2020_code,ze2020_name,bv2012_code,bv2012_name,epci_code,epci_name,ept_code,ept_name,com_code,com_name,com_arm_cod,com_arm_nam,iris_code,iris_name,iris_name_u,iris_name_l,iris_area_c,iris_type,iris_grd_qu,iris_in_ctu,ze2010_code,ze2010_name,Longitude,Latitude
79849984335,50824,Mermoz-Pinel,"30185,30186",230,2023-03-27 02:31:26,2023-03-27 06:01:02,POINT (4.886982714640664 45.73035966543131),49062,2022,['84'],['Auvergne-RhÃ´ne-Alpes'],['69'],['RhÃ´ne'],['691'],['Lyon'],,,['69123'],['Lyon'],['200046977'],['MÃ©tropole de Lyon'],,,['69123'],['Lyon'],['69388'],['Lyon 8e Arrondissement'],['693880402'],['La TrinitÃ©-Mermoz'],LA TRINITÃ-MERMOZ,la trinitÃ©-mermoz,FXX,iris d'habitat,Mairie-Mermoz,Non,,,4.886982714640664,45.73035966543131
79840085288,50621,Laënnec,30187,278,2023-03-27 02:31:26,2023-03-27 06:01:02,POINT (4.886115995815088 45.73896130311666),21836,2022,['84'],['Auvergne-RhÃ´ne-Alpes'],['69'],['RhÃ´ne'],['691'],['Lyon'],,,['69123'],['Lyon'],['200046977'],['MÃ©tropole de Lyon'],,,['69123'],['Lyon'],['69388'],['Lyon 8e Arrondissement'],['693880302'],['Rockefeller-La Buire'],ROCKEFELLER-LA BUIRE,rockefeller-la buire,FXX,iris d'habitat,La Buire-Bataille,Non,,,4.886115995815088,45.73896130311666
79845585223,50622,Laënnec,30187,279,2023-03-27 02:31:26,2023-03-27 06:01:02,POINT (4.886785131130891 45.73836263416282),21836,2022,['84'],['Auvergne-RhÃ´ne-Alpes'],['69'],['RhÃ´ne'],['691'],['Lyon'],,,['69123'],['Lyon'],['200046977'],['MÃ©tropole de Lyon'],,,['69123'],['Lyon'],['69388'],['Lyon 8e Arrondissement'],['693880302'],['Rockefeller-La Buire'],ROCKEFELLER-LA BUIRE,rockefeller-la buire,FXX,iris d'habitat,La Buire-Bataille,Non,,,4.886785131130891,45.73836263416282
79839085276,50623,Laënnec,30188,280,2023-03-27 02:31:26,2023-03-27 06:01:02,POINT (4.885979758977789 45.738850891442176),21836,2022,['84'],['Auvergne-RhÃ´ne-Alpes'],['69'],['RhÃ´ne'],['691'],['Lyon'],,,['69123'],['Lyon'],['200046977'],['MÃ©tropole de Lyon'],,,['69123'],['Lyon'],['69388'],['Lyon 8e Arrondissement'],['693880302'],['Rockefeller-La Buire'],ROCKEFELLER-LA BUIRE,rockefeller-la buire,FXX,iris d'habitat,La Buire-Bataille,Non,,,4.885979758977789,45.738850891442176
79578986646,51811,Garibaldi,"30445,30446",124,2023-03-27 02:31:26,2023-03-27 06:01:02,POINT (4.853133705854014 45.75192461569728),11259,2022,['84'],['Auvergne-RhÃ´ne-Alpes'],['69'],['RhÃ´ne'],['691'],['Lyon'],,,['69123'],['Lyon'],['200046977'],['MÃ©tropole de Lyon'],,,['69123'],['Lyon'],['69383'],['Lyon 3e Arrondissement'],['693830204'],['Saint-Amour'],SAINT-AMOUR,saint-amour,FXX,iris d'habitat,Voltaire-Saint-Amour,Non,,,4.853133705854014,45.75192461569728
79581486655,51812,Garibaldi,"30445,30446",247,2023-03-27 02:31:26,2023-03-27 06:01:02,POINT (4.85346060990657 45.75200450821354),11259,2022,['84'],['Auvergne-RhÃ´ne-Alpes'],['69'],['RhÃ´ne'],['691'],['Lyon'],,,['69123'],['Lyon'],['200046977'],['MÃ©tropole de Lyon'],,,['69123'],['Lyon'],['69383'],['Lyon 3e Arrondissement'],['693830204'],['Saint-Amour'],SAINT-AMOUR,saint-amour,FXX,iris d'habitat,Voltaire-Saint-Amour,Non,,,4.85346060990657,45.75200450821354
79587686600,51813,Garibaldi,"30445,30446",248,2023-03-27 02:31:26,2023-03-27 06:01:02,POINT (4.854240212027745 45.75148790746971),24757,2022,['84'],['Auvergne-RhÃ´ne-Alpes'],['69'],['RhÃ´ne'],['691'],['Lyon'],,,['69123'],['Lyon'],['200046977'],['MÃ©tropole de Lyon'],,,['69123'],['Lyon'],['69383'],['Lyon 3e Arrondissement'],['693830302'],['Danton-Bir Hakeim'],DANTON-BIR HAKEIM,danton-bir hakeim,FXX,iris d'habitat,Part Dieu-Bir Hakeim,Non,,,4.854240212027745,45.75148790746971
79577986626,51814,Garibaldi,"30445,30446",249,2023-03-27 02:31:26,2023-03-27 06:01:02,POINT (4.85300222668843 45.751754379762936),43422,2022,['84'],['Auvergne-RhÃ´ne-Alpes'],['69'],['RhÃ´ne'],['691'],['Lyon'],,,['69123'],['Lyon'],['200046977'],['MÃ©tropole de Lyon'],,,['69123'],['Lyon'],['69387'],['Lyon 7e Arrondissement'],['693870502'],['Stalingrad'],STALINGRAD,stalingrad,FXX,iris d'habitat,Stalingrad-Lamothe,Non,,,4.85300222668843,45.751754379762936
79581686591,51815,Garibaldi,"30445,30446",250,2023-03-27 02:31:26,2023-03-27 06:01:02,POINT (4.853465528914323 45.75142615941764),43422,2022,['84'],['Auvergne-RhÃ´ne-Alpes'],['69'],['RhÃ´ne'],['691'],['Lyon'],,,['69123'],['Lyon'],['200046977'],['MÃ©tropole de Lyon'],,,['69123'],['Lyon'],['69387'],['Lyon 7e Arrondissement'],['693870502'],['Stalingrad'],STALINGRAD,stalingrad,FXX,iris d'habitat,Stalingrad-Lamothe,Non,,,4.853465528914323,45.75142615941764
79587086585,51816,Garibaldi,"30445,30446",251,2023-03-27 02:31:26,2023-03-27 06:01:02,POINT (4.8541511659572 45.75135992697375),49061,2022,['84'],['Auvergne-RhÃ´ne-Alpes'],['69'],['RhÃ´ne'],['691'],['Lyon'],,,['69123'],['Lyon'],['200046977'],['MÃ©tropole de Lyon'],,,['69123'],['Lyon'],['69387'],['Lyon 7e Arrondissement'],['693870501'],['Jules Brunard'],JULES BRUNARD,jules brunard,FXX,iris d'habitat,Stalingrad-Lamothe,Non,,,4.8541511659572,45.75135992697375
79527686872,50921,Saxe-Gambetta,"30133,46040,30197,30198",285,2023-03-27 02:31:26,2023-03-27 06:01:02,POINT (4.846645168302023 45.754108576054136),28439,2022,['84'],['Auvergne-RhÃ´ne-Alpes'],['69'],['RhÃ´ne'],['691'],['Lyon'],,,['69123'],['Lyon'],['200046977'],['MÃ©tropole de Lyon'],,,['69123'],['Lyon'],['69383'],['Lyon 3e Arrondissement'],['693830203'],['Saxe-Villeroy'],SAXE-VILLEROY,saxe-villeroy,FXX,iris d'habitat,Voltaire-Saint-Amour,Non,,,4.846645168302023,45.754108576054136
79530986871,50922,Saxe-Gambetta,"30133,46040,30197,30198",286,2023-03-27 02:31:26,2023-03-27 06:01:02,POINT (4.847063569875566 45.754091388641335),28439,2022,['84'],['Auvergne-RhÃ´ne-Alpes'],['69'],['RhÃ´ne'],['691'],['Lyon'],,,['69123'],['Lyon'],['200046977'],['MÃ©tropole de Lyon'],,,['69123'],['Lyon'],['69383'],['Lyon 3e Arrondissement'],['693830203'],['Saxe-Villeroy'],SAXE-VILLEROY,saxe-villeroy,FXX,iris d'habitat,Voltaire-Saint-Amour,Non,,,4.847063569875566,45.754091388641335
79538586824,50923,Saxe-Gambetta,"30133,46040,30197,30198",287,2023-03-27 02:31:26,2023-03-27 06:01:02,POINT (4.848022862514368 45.753647414263625),28439,2022,['84'],['Auvergne-RhÃ´ne-Alpes'],['69'],['RhÃ´ne'],['691'],['Lyon'],,,['69123'],['Lyon'],['200046977'],['MÃ©tropole de Lyon'],,,['69123'],['Lyon'],['69383'],['Lyon 3e Arrondissement'],['693830203'],['Saxe-Villeroy'],SAXE-VILLEROY,saxe-villeroy,FXX,iris d'habitat,Voltaire-Saint-Amour,Non,,,4.848022862514368,45.753647414263625
79535686818,50924,Saxe-Gambetta,"30133,46040,30197,30198",288,2023-03-27 02:31:26,2023-03-27 06:01:02,POINT (4.847652765369006 45.75360159650604),47097,2022,['84'],['Auvergne-RhÃ´ne-Alpes'],['69'],['RhÃ´ne'],['691'],['Lyon'],,,['69123'],['Lyon'],['200046977'],['MÃ©tropole de Lyon'],,,['69123'],['Lyon'],['69387'],['Lyon 7e Arrondissement'],['693870301'],['Victor Basch'],VICTOR BASCH,victor basch,FXX,iris d'habitat,Victor Bach-Saint-Louis,Non,,,4.847652765369006,45.75360159650604
79494087031,50441,Guillotière,"30199,30200",134,2023-03-27 02:31:26,2023-03-27 06:01:02,POINT (4.84239422848817 45.75562897590106),4357,2022,['84'],['Auvergne-RhÃ´ne-Alpes'],['69'],['RhÃ´ne'],['691'],['Lyon'],,,['69123'],['Lyon'],['200046977'],['MÃ©tropole de Lyon'],,,['69123'],['Lyon'],['69383'],['Lyon 3e Arrondissement'],['693830105'],['MutualitÃ©-LibertÃ©'],MUTUALITÃ-LIBERTÃ,mutualitÃ©-libertÃ©,FXX,iris d'habitat,Grand Quartier 1,Non,,,4.84239422848817,45.75562897590106
79499987012,50442,Guillotière,"30199,30200",252,2023-03-27 02:31:26,2023-03-27 06:01:02,POINT (4.843142771627823 45.75544340219051),16310,2022,['84'],['Auvergne-RhÃ´ne-Alpes'],['69'],['RhÃ´ne'],['691'],['Lyon'],,,['69123'],['Lyon'],['200046977'],['MÃ©tropole de Lyon'],,,['69123'],['Lyon'],['69383'],['Lyon 3e Arrondissement'],['693830201'],['Moncey'],MONCEY,moncey,FXX,iris d'habitat,Voltaire-Saint-Amour,Non,,,4.843142771627823,45.75544340219051
79492987006,50443,Guillotière,"30199,30200",289,2023-03-27 02:31:26,2023-03-27 06:01:02,POINT (4.842242164451641 45.755409950777874),35835,2022,['84'],['Auvergne-RhÃ´ne-Alpes'],['69'],['RhÃ´ne'],['691'],['Lyon'],,,['69123'],['Lyon'],['200046977'],['MÃ©tropole de Lyon'],,,['69123'],['Lyon'],['69387'],['Lyon 7e Arrondissement'],['693870101'],['Pasteur'],PASTEUR,pasteur,FXX,iris d'habitat,Grand Quartier 1,Non,,,4.842242164451641,45.755409950777874
79497586969,50444,Guillotière,"30199,30200",290,2023-03-27 02:31:26,2023-03-27 06:01:02,POINT (4.842818361790223 45.7550654844045),37948,2022,['84'],['Auvergne-RhÃ´ne-Alpes'],['69'],['RhÃ´ne'],['691'],['Lyon'],,,['69123'],['Lyon'],['200046977'],['MÃ©tropole de Lyon'],,,['69123'],['Lyon'],['69387'],['Lyon 7e Arrondissement'],['693870201'],['Saint-Michel'],SAINT-MICHEL,saint-michel,FXX,iris d'habitat,Saint-Michel-Mairie,Non,,,4.842818361790223,45.7550654844045
79429587087,50021,Bellecour,"46051,30103,30201,30202",291,2023-03-27 02:31:26,2023-03-27 06:01:02,POINT (4.8341307428227855 45.75631899270214),20511,2022,['84'],['Auvergne-RhÃ´ne-Alpes'],['69'],['RhÃ´ne'],['691'],['Lyon'],,,['69123'],['Lyon'],['200046977'],['MÃ©tropole de Lyon'],,,['69123'],['Lyon'],['69382'],['Lyon 2e Arrondissement'],['693820204'],['Bellecour-Sala'],BELLECOUR-SALA,bellecour-sala,FXX,iris d'habitat,Bellecour-HÃ´tel Dieu,Non,,,4.8341307428227855,45.75631899270214
79425687097,50022,Bellecour,"46051,30103,30201,30202",292,2023-03-27 02:31:26,2023-03-27 06:01:02,POINT (4.8336333979261275 45.756424658679954),20511,2022,['84'],['Auvergne-RhÃ´ne-Alpes'],['69'],['RhÃ´ne'],['691'],['Lyon'],,,['69123'],['Lyon'],['200046977'],['MÃ©tropole de Lyon'],,,['69123'],['Lyon'],['69382'],['Lyon 2e Arrondissement'],['693820204'],['Bellecour-Sala'],BELLECOUR-SALA,bellecour-sala,FXX,iris d'habitat,Bellecour-HÃ´tel Dieu,Non,,,4.8336333979261275,45.756424658679954
79426687067,50023,Bellecour,"46051,30103,30201,30202",293,2023-03-27 02:31:26,2023-03-27 06:01:02,POINT (4.8337432116284145 45.756152631230876),20511,2022,['84'],['Auvergne-RhÃ´ne-Alpes'],['69'],['RhÃ´ne'],['691'],['Lyon'],,,['69123'],['Lyon'],['200046977'],['MÃ©tropole de Lyon'],,,['69123'],['Lyon'],['69382'],['Lyon 2e Arrondissement'],['693820204'],['Bellecour-Sala'],BELLECOUR-SALA,bellecour-sala,FXX,iris d'habitat,Bellecour-HÃ´tel Dieu,Non,,,4.8337432116284145,45.756152631230876
79426987177,50024,Bellecour,"46051,30103,30201,30202",294,2023-03-27 02:31:26,2023-03-27 06:01:02,POINT (4.833836263151904 45.75713753865178),20511,2022,['84'],['Auvergne-RhÃ´ne-Alpes'],['69'],['RhÃ´ne'],['691'],['Lyon'],,,['69123'],['Lyon'],['200046977'],['MÃ©tropole de Lyon'],,,['69123'],['Lyon'],['69382'],['Lyon 2e Arrondissement'],['693820204'],['Bellecour-Sala'],BELLECOUR-SALA,bellecour-sala,FXX,iris d'habitat,Bellecour-HÃ´tel Dieu,Non,,,4.833836263151904,45.75713753865178
79367687475,50951,St-Jean Vieux Lyon,"33264,33265,30211",142,2023-03-27 02:31:26,2023-03-27 06:01:02,POINT (4.82633833584452 45.75998371803673),11261,2022,['84'],['Auvergne-RhÃ´ne-Alpes'],['69'],['RhÃ´ne'],['691'],['Lyon'],,,['69123'],['Lyon'],['200046977'],['MÃ©tropole de Lyon'],,,['69123'],['Lyon'],['69385'],['Lyon 5e Arrondissement'],['693850103'],['Saint-Georges'],SAINT-GEORGES,saint-georges,FXX,iris d'habitat,Vieux Lyon-Quarantaine,Non,,,4.82633833584452,45.75998371803673
79364287502,50952,St-Jean Vieux Lyon,"33264,33265,30211",255,2023-03-27 02:31:26,2023-03-27 06:01:02,POINT (4.8259059701860005 45.76023903690366),11261,2022,['84'],['Auvergne-RhÃ´ne-Alpes'],['69'],['RhÃ´ne'],['691'],['Lyon'],,,['69123'],['Lyon'],['200046977'],['MÃ©tropole de Lyon'],,,['69123'],['Lyon'],['69385'],['Lyon 5e Arrondissement'],['693850103'],['Saint-Georges'],SAINT-GEORGES,saint-georges,FXX,iris d'habitat,Vieux Lyon-Quarantaine,Non,,,4.8259059701860005,45.76023903690366
79362187463,50953,St-Jean Vieux Lyon,"33264,33265,30211",256,2023-03-27 02:31:26,2023-03-27 06:01:02,POINT (4.8256235703762815 45.75989227361092),11261,2022,['84'],['Auvergne-RhÃ´ne-Alpes'],['69'],['RhÃ´ne'],['691'],['Lyon'],,,['69123'],['Lyon'],['200046977'],['MÃ©tropole de Lyon'],,,['69123'],['Lyon'],['69385'],['Lyon 5e Arrondissement'],['693850103'],['Saint-Georges'],SAINT-GEORGES,saint-georges,FXX,iris d'habitat,Vieux Lyon-Quarantaine,Non,,,4.8256235703762815,45.75989227361092
79364587450,50954,St-Jean Vieux Lyon,"33264,33265,30211",257,2023-03-27 02:31:26,2023-03-27 06:01:02,POINT (4.825926160087221 45.7597700799544),11261,2022,['84'],['Auvergne-RhÃ´ne-Alpes'],['69'],['RhÃ´ne'],['691'],['Lyon'],,,['69123'],['Lyon'],['200046977'],['MÃ©tropole de Lyon'],,,['69123'],['Lyon'],['69385'],['Lyon 5e Arrondissement'],['693850103'],['Saint-Georges'],SAINT-GEORGES,saint-georges,FXX,iris d'habitat,Vieux Lyon-Quarantaine,Non,,,4.825926160087221,45.7597700799544
79203388178,50401,Gorge de Loup,"30205,30206",146,2023-03-27 02:31:26,2023-03-27 06:01:02,POINT (4.8055169354871 45.766771567538875),16320,2022,['84'],['Auvergne-RhÃ´ne-Alpes'],['69'],['RhÃ´ne'],['691'],['Lyon'],,,['69123'],['Lyon'],['200046977'],['MÃ©tropole de Lyon'],,,['69123'],['Lyon'],['69389'],['Lyon 9e Arrondissement'],['693890401'],['Saint-Pierre de Vaise'],SAINT-PIERRE DE VAISE,saint-pierre de vaise,FXX,iris d'habitat,Gorge de Loup-L'Observance,Non,,,4.8055169354871,45.766771567538875
79204488113,50402,Gorge de Loup,"30205,30206",258,2023-03-27 02:31:26,2023-03-27 06:01:02,POINT (4.805627215641817 45.76619118328652),16320,2022,['84'],['Auvergne-RhÃ´ne-Alpes'],['69'],['RhÃ´ne'],['691'],['Lyon'],,,['69123'],['Lyon'],['200046977'],['MÃ©tropole de Lyon'],,,['69123'],['Lyon'],['69389'],['Lyon 9e Arrondissement'],['693890401'],['Saint-Pierre de Vaise'],SAINT-PIERRE DE VAISE,saint-pierre de vaise,FXX,iris d'habitat,Gorge de Loup-L'Observance,Non,,,4.805627215641817,45.76619118328652
79200188169,50403,Gorge de Loup,"30205,30206",259,2023-03-27 02:31:26,2023-03-27 06:01:02,POINT (4.8050969671670005 45.76669880161866),16320,2022,['84'],['Auvergne-RhÃ´ne-Alpes'],['69'],['RhÃ´ne'],['691'],['Lyon'],,,['69123'],['Lyon'],['200046977'],['MÃ©tropole de Lyon'],,,['69123'],['Lyon'],['69389'],['Lyon 9e Arrondissement'],['693890401'],['Saint-Pierre de Vaise'],SAINT-PIERRE DE VAISE,saint-pierre de vaise,FXX,iris d'habitat,Gorge de Loup-L'Observance,Non,,,4.8050969671670005,45.76669880161866
79411487161,50021,Bellecour,"46051,30103,30201,30202",4,2023-03-27 02:31:26,2023-03-27 06:01:02,POINT (4.831839954654625 45.75704259083674),20511,2022,['84'],['Auvergne-RhÃ´ne-Alpes'],['69'],['RhÃ´ne'],['691'],['Lyon'],,,['69123'],['Lyon'],['200046977'],['MÃ©tropole de Lyon'],,,['69123'],['Lyon'],['69382'],['Lyon 2e Arrondissement'],['693820204'],['Bellecour-Sala'],BELLECOUR-SALA,bellecour-sala,FXX,iris d'habitat,Bellecour-HÃ´tel Dieu,Non,,,4.831839954654625,45.75704259083674
79412687186,50022,Bellecour,"30103,46051,30201,30202",267,2023-03-27 02:31:26,2023-03-27 06:01:02,POINT (4.832004897236542 45.75726287325664),20511,2022,['84'],['Auvergne-RhÃ´ne-Alpes'],['69'],['RhÃ´ne'],['691'],['Lyon'],,,['69123'],['Lyon'],['200046977'],['MÃ©tropole de Lyon'],,,['69123'],['Lyon'],['69382'],['Lyon 2e Arrondissement'],['693820204'],['Bellecour-Sala'],BELLECOUR-SALA,bellecour-sala,FXX,iris d'habitat,Bellecour-HÃ´tel Dieu,Non,,,4.832004897236542,45.75726287325664
79428587292,50023,Bellecour,"30103,46051,30201,30202",163,2023-03-27 02:31:26,2023-03-27 06:01:02,POINT (4.834081977544003 45.75816819639687),47089,2022,['84'],['Auvergne-RhÃ´ne-Alpes'],['69'],['RhÃ´ne'],['691'],['Lyon'],,,['69123'],['Lyon'],['200046977'],['MÃ©tropole de Lyon'],,,['69123'],['Lyon'],['69382'],['Lyon 2e Arrondissement'],['693820202'],['Bellecour-Antonin Gourju'],BELLECOUR-ANTONIN GOURJU,bellecour-antonin gourju,FXX,iris d'habitat,Bellecour-HÃ´tel Dieu,Non,,,4.834081977544003,45.75816819639687
79425287254,50024,Bellecour,"30103,46051,30201,30202",164,2023-03-27 02:31:26,2023-03-27 06:01:02,POINT (4.833651452046141 45.757836809345655),20511,2022,['84'],['Auvergne-RhÃ´ne-Alpes'],['69'],['RhÃ´ne'],['691'],['Lyon'],,,['69123'],['Lyon'],['200046977'],['MÃ©tropole de Lyon'],,,['69123'],['Lyon'],['69382'],['Lyon 2e Arrondissement'],['693820204'],['Bellecour-Sala'],BELLECOUR-SALA,bellecour-sala,FXX,iris d'habitat,Bellecour-HÃ´tel Dieu,Non,,,4.833651452046141,45.757836809345655
79425887240,50025,Bellecour,"46051,30103,30201,30202",165,2023-03-27 02:31:26,2023-03-27 06:01:02,POINT (4.833716009758165 45.75771223746372),20511,2022,['84'],['Auvergne-RhÃ´ne-Alpes'],['69'],['RhÃ´ne'],['691'],['Lyon'],,,['69123'],['Lyon'],['200046977'],['MÃ©tropole de Lyon'],,,['69123'],['Lyon'],['69382'],['Lyon 2e Arrondissement'],['693820204'],['Bellecour-Sala'],BELLECOUR-SALA,bellecour-sala,FXX,iris d'habitat,Bellecour-HÃ´tel Dieu,Non,,,4.833716009758165,45.75771223746372
79439387811,50211,Cordeliers,"46050,42744",9,2023-03-27 02:31:26,2023-03-27 06:01:02,POINT (4.835680666603887 45.7628029675925),17645,2022,['84'],['Auvergne-RhÃ´ne-Alpes'],['69'],['RhÃ´ne'],['691'],['Lyon'],,,['69123'],['Lyon'],['200046977'],['MÃ©tropole de Lyon'],,,['69123'],['Lyon'],['69382'],['Lyon 2e Arrondissement'],['693820101'],['La Bourse-Grenette'],LA BOURSE-GRENETTE,la bourse-grenette,FXX,iris d'habitat,Cordeliers-Jacobins,Non,,,4.835680666603887,45.7628029675925
79439387842,50212,Cordeliers,"46050,42744",166,2023-03-27 02:31:26,2023-03-27 06:01:02,POINT (4.835697683497099 45.763084145575554),17645,2022,['84'],['Auvergne-RhÃ´ne-Alpes'],['69'],['RhÃ´ne'],['691'],['Lyon'],,,['69123'],['Lyon'],['200046977'],['MÃ©tropole de Lyon'],,,['69123'],['Lyon'],['69382'],['Lyon 2e Arrondissement'],['693820101'],['La Bourse-Grenette'],LA BOURSE-GRENETTE,la bourse-grenette,FXX,iris d'habitat,Cordeliers-Jacobins,Non,,,4.835697683497099,45.763084145575554
79439587917,50213,Cordeliers,"46050,42744",167,2023-03-27 02:31:26,2023-03-27 06:01:02,POINT (4.8357475179605105 45.763756504286285),17645,2022,['84'],['Auvergne-RhÃ´ne-Alpes'],['69'],['RhÃ´ne'],['691'],['Lyon'],,,['69123'],['Lyon'],['200046977'],['MÃ©tropole de Lyon'],,,['69123'],['Lyon'],['69382'],['Lyon 2e Arrondissement'],['693820101'],['La Bourse-Grenette'],LA BOURSE-GRENETTE,la bourse-grenette,FXX,iris d'habitat,Cordeliers-Jacobins,Non,,,4.8357475179605105,45.763756504286285
79440787811,50214,Cordeliers,"42744,46050",168,2023-03-27 02:31:26,2023-03-27 06:01:02,POINT (4.83585982942995 45.76280050960893),17645,2022,['84'],['Auvergne-RhÃ´ne-Alpes'],['69'],['RhÃ´ne'],['691'],['Lyon'],,,['69123'],['Lyon'],['200046977'],['MÃ©tropole de Lyon'],,,['69123'],['Lyon'],['69382'],['Lyon 2e Arrondissement'],['693820101'],['La Bourse-Grenette'],LA BOURSE-GRENETTE,la bourse-grenette,FXX,iris d'habitat,Cordeliers-Jacobins,Non,,,4.83585982942995,45.76280050960893
79444287882,50211,Cordeliers,"42744,46050",268,2023-03-27 02:31:26,2023-03-27 06:01:02,POINT (4.836342687775433 45.763424882814874),17645,2022,['84'],['Auvergne-RhÃ´ne-Alpes'],['69'],['RhÃ´ne'],['691'],['Lyon'],,,['69123'],['Lyon'],['200046977'],['MÃ©tropole de Lyon'],,,['69123'],['Lyon'],['69382'],['Lyon 2e Arrondissement'],['693820101'],['La Bourse-Grenette'],LA BOURSE-GRENETTE,la bourse-grenette,FXX,iris d'habitat,Cordeliers-Jacobins,Non,,,4.836342687775433,45.763424882814874
79441187905,50212,Cordeliers,"42744,46050",269,2023-03-27 02:31:26,2023-03-27 06:01:02,POINT (4.835952613702868 45.76364257445687),17645,2022,['84'],['Auvergne-RhÃ´ne-Alpes'],['69'],['RhÃ´ne'],['691'],['Lyon'],,,['69123'],['Lyon'],['200046977'],['MÃ©tropole de Lyon'],,,['69123'],['Lyon'],['69382'],['Lyon 2e Arrondissement'],['693820101'],['La Bourse-Grenette'],LA BOURSE-GRENETTE,la bourse-grenette,FXX,iris d'habitat,Cordeliers-Jacobins,Non,,,4.835952613702868,45.76364257445687
79439888271,50461,Hôtel de Ville,"46052,30156,42743",270,2023-03-27 02:31:26,2023-03-27 06:01:02,POINT (4.835935577425913 45.766939095496916),49057,2022,['84'],['Auvergne-RhÃ´ne-Alpes'],['69'],['RhÃ´ne'],['691'],['Lyon'],,,['69123'],['Lyon'],['200046977'],['MÃ©tropole de Lyon'],,,['69123'],['Lyon'],['69381'],['Lyon 1er Arrondissement'],['693810101'],"[""Terreaux-BÃ¢t d'Argent""]",TERREAUX-BÃT D'ARGENT,terreaux-bÃ¢t d'argent,FXX,iris d'habitat,Terreaux-Bat d'Argent,Non,,,4.835935577425913,45.766939095496916
79439788315,50462,Hôtel de Ville,"46052,30156,42743",271,2023-03-27 02:31:26,2023-03-27 06:01:02,POINT (4.83594232832493 45.76733112669544),49057,2022,['84'],['Auvergne-RhÃ´ne-Alpes'],['69'],['RhÃ´ne'],['691'],['Lyon'],,,['69123'],['Lyon'],['200046977'],['MÃ©tropole de Lyon'],,,['69123'],['Lyon'],['69381'],['Lyon 1er Arrondissement'],['693810101'],"[""Terreaux-BÃ¢t d'Argent""]",TERREAUX-BÃT D'ARGENT,terreaux-bÃ¢t d'argent,FXX,iris d'habitat,Terreaux-Bat d'Argent,Non,,,4.83594232832493,45.76733112669544
79438288396,50463,Hôtel de Ville,"46052,30156,42743",272,2023-03-27 02:31:26,2023-03-27 06:01:02,POINT (4.835782512094804 45.76806549001244),26529,2022,['84'],['Auvergne-RhÃ´ne-Alpes'],['69'],['RhÃ´ne'],['691'],['Lyon'],,,['69123'],['Lyon'],['200046977'],['MÃ©tropole de Lyon'],,,['69123'],['Lyon'],['69381'],['Lyon 1er Arrondissement'],['693810102'],['Louis Pradel'],LOUIS PRADEL,louis pradel,FXX,iris d'activitÃ©,Terreaux-Bat d'Argent,Non,,,4.835782512094804,45.76806549001244
79441088271,50464,Hôtel de Ville,"42743,30156,46052",171,2023-03-27 02:31:26,2023-03-27 06:01:02,POINT (4.836096257932617 45.76693434847479),49057,2022,['84'],['Auvergne-RhÃ´ne-Alpes'],['69'],['RhÃ´ne'],['691'],['Lyon'],,,['69123'],['Lyon'],['200046977'],['MÃ©tropole de Lyon'],,,['69123'],['Lyon'],['69381'],['Lyon 1er Arrondissement'],['693810101'],"[""Terreaux-BÃ¢t d'Argent""]",TERREAUX-BÃT D'ARGENT,terreaux-bÃ¢t d'argent,FXX,iris d'habitat,Terreaux-Bat d'Argent,Non,,,4.836096257932617,45.76693434847479
79391186710,50001,Ampère Victor Hugo,46049,2,2023-03-27 02:31:26,2023-03-27 06:01:02,POINT (4.829041213332161 45.75303804763971),28438,2022,['84'],['Auvergne-RhÃ´ne-Alpes'],['69'],['RhÃ´ne'],['691'],['Lyon'],,,['69123'],['Lyon'],['200046977'],['MÃ©tropole de Lyon'],,,['69123'],['Lyon'],['69382'],['Lyon 2e Arrondissement'],['693820302'],['AmpÃ¨re-Ainay'],AMPÃRE-AINAY,ampÃ¨re-ainay,FXX,iris d'habitat,Grand Quartier 3,Non,,,4.829041213332161,45.75303804763971
79394786727,50002,Ampère Victor Hugo,42745,161,2023-03-27 02:31:26,2023-03-27 06:01:02,POINT (4.829517438936797 45.753187602948806),47090,2022,['84'],['Auvergne-RhÃ´ne-Alpes'],['69'],['RhÃ´ne'],['691'],['Lyon'],,,['69123'],['Lyon'],['200046977'],['MÃ©tropole de Lyon'],,,['69123'],['Lyon'],['69382'],['Lyon 2e Arrondissement'],['693820401'],['Gailleton-Auguste Comte'],GAILLETON-AUGUSTE COMTE,gailleton-auguste comte,FXX,iris d'habitat,Carnot-Gailleton,Non,,,4.829517438936797,45.753187602948806
79618988309,50041,Brotteaux,"46022,46023",53,2023-03-27 02:31:26,2023-03-27 06:01:02,POINT (4.858965607632659 45.766763067896804),37947,2022,['84'],['Auvergne-RhÃ´ne-Alpes'],['69'],['RhÃ´ne'],['691'],['Lyon'],,,['69123'],['Lyon'],['200046977'],['MÃ©tropole de Lyon'],,,['69123'],['Lyon'],['69386'],['Lyon 6e Arrondissement'],['693860601'],['Jules Ferry'],JULES FERRY,jules ferry,FXX,iris d'habitat,Jules Ferry-RÃ©camier,Non,,,4.858965607632659,45.766763067896804
79621488338,50042,Brotteaux,"46022,46023",195,2023-03-27 02:31:26,2023-03-27 06:01:02,POINT (4.859293276743974 45.76701737286186),37947,2022,['84'],['Auvergne-RhÃ´ne-Alpes'],['69'],['RhÃ´ne'],['691'],['Lyon'],,,['69123'],['Lyon'],['200046977'],['MÃ©tropole de Lyon'],,,['69123'],['Lyon'],['69386'],['Lyon 6e Arrondissement'],['693860601'],['Jules Ferry'],JULES FERRY,jules ferry,FXX,iris d'habitat,Jules Ferry-RÃ©camier,Non,,,4.859293276743974,45.76701737286186
79623188360,50043,Brotteaux,"46022,46023",196,2023-03-27 02:31:26,2023-03-27 06:01:02,POINT (4.85952451827665 45.76720786447665),37947,2022,['84'],['Auvergne-RhÃ´ne-Alpes'],['69'],['RhÃ´ne'],['691'],['Lyon'],,,['69123'],['Lyon'],['200046977'],['MÃ©tropole de Lyon'],,,['69123'],['Lyon'],['69386'],['Lyon 6e Arrondissement'],['693860601'],['Jules Ferry'],JULES FERRY,jules ferry,FXX,iris d'habitat,Jules Ferry-RÃ©camier,Non,,,4.85952451827665,45.76720786447665
79615387740,55201,Part Dieu,"46025,46024",56,2023-03-27 02:31:26,2023-03-27 06:01:02,POINT (4.858260576352449 45.76166313181598),49059,2022,['84'],['Auvergne-RhÃ´ne-Alpes'],['69'],['RhÃ´ne'],['691'],['Lyon'],,,['69123'],['Lyon'],['200046977'],['MÃ©tropole de Lyon'],,,['69123'],['Lyon'],['69383'],['Lyon 3e Arrondissement'],['693830301'],['Part Dieu'],PART DIEU,part dieu,FXX,iris d'activitÃ©,Part Dieu-Bir Hakeim,Non,,,4.858260576352449,45.76166313181598
79622587642,55202,Part Dieu,"46024,46025",197,2023-03-27 02:31:26,2023-03-27 06:01:02,POINT (4.859147918451784 45.76075963469417),49059,2022,['84'],['Auvergne-RhÃ´ne-Alpes'],['69'],['RhÃ´ne'],['691'],['Lyon'],,,['69123'],['Lyon'],['200046977'],['MÃ©tropole de Lyon'],,,['69123'],['Lyon'],['69383'],['Lyon 3e Arrondissement'],['693830301'],['Part Dieu'],PART DIEU,part dieu,FXX,iris d'activitÃ©,Part Dieu-Bir Hakeim,Non,,,4.859147918451784,45.76075963469417
79600887728,55203,Part Dieu,"46025,46024",198,2023-03-27 02:31:26,2023-03-27 06:01:02,POINT (4.8563920518930965 45.761591759501776),49059,2022,['84'],['Auvergne-RhÃ´ne-Alpes'],['69'],['RhÃ´ne'],['691'],['Lyon'],,,['69123'],['Lyon'],['200046977'],['MÃ©tropole de Lyon'],,,['69123'],['Lyon'],['69383'],['Lyon 3e Arrondissement'],['693830301'],['Part Dieu'],PART DIEU,part dieu,FXX,iris d'activitÃ©,Part Dieu-Bir Hakeim,Non,,,4.8563920518930965,45.761591759501776
79533187474,50431,Place Guichard,46027,59,2023-03-27 02:31:26,2023-03-27 06:01:02,POINT (4.847595635365275 45.75950361638116),35831,2022,['84'],['Auvergne-RhÃ´ne-Alpes'],['69'],['RhÃ´ne'],['691'],['Lyon'],,,['69123'],['Lyon'],['200046977'],['MÃ©tropole de Lyon'],,,['69123'],['Lyon'],['69383'],['Lyon 3e Arrondissement'],['693830104'],['Bonnel-Servient'],BONNEL-SERVIENT,bonnel-servient,FXX,iris d'habitat,Grand Quartier 1,Non,,,4.847595635365275,45.75950361638116
79529587457,50432,Place Guichard,46027,199,2023-03-27 02:31:26,2023-03-27 06:01:02,POINT (4.847129806212806 45.759364434385816),35831,2022,['84'],['Auvergne-RhÃ´ne-Alpes'],['69'],['RhÃ´ne'],['691'],['Lyon'],,,['69123'],['Lyon'],['200046977'],['MÃ©tropole de Lyon'],,,['69123'],['Lyon'],['69383'],['Lyon 3e Arrondissement'],['693830104'],['Bonnel-Servient'],BONNEL-SERVIENT,bonnel-servient,FXX,iris d'habitat,Grand Quartier 1,Non,,,4.847129806212806,45.759364434385816
79534287465,50433,Place Guichard,46026,200,2023-03-27 02:31:26,2023-03-27 06:01:02,POINT (4.847739330333937 45.75941741112418),35831,2022,['84'],['Auvergne-RhÃ´ne-Alpes'],['69'],['RhÃ´ne'],['691'],['Lyon'],,,['69123'],['Lyon'],['200046977'],['MÃ©tropole de Lyon'],,,['69123'],['Lyon'],['69383'],['Lyon 3e Arrondissement'],['693830104'],['Bonnel-Servient'],BONNEL-SERVIENT,bonnel-servient,FXX,iris d'habitat,Grand Quartier 1,Non,,,4.847739330333937,45.75941741112418
79860184408,50821,Mermoz - Pinel,"30185,30186",100,2023-03-27 02:31:26,2023-03-27 06:01:02,POINT (4.8883277947413415 45.73098906148109),43402,2022,['84'],['Auvergne-RhÃ´ne-Alpes'],['69'],['RhÃ´ne'],['691'],['Lyon'],['8421'],['Lyon'],['69123'],['Lyon'],['200046977'],['MÃ©tropole de Lyon'],,,['69029'],['Bron'],['69029'],['Bron'],['690290602'],['Essarts Sud'],ESSARTS SUD,essarts sud,FXX,iris d'habitat,Grand Quartier 6,Non,,,4.8883277947413415,45.73098906148109
79851684328,50822,Mermoz-Pinel,"30185,30186",228,2023-03-27 02:31:26,2023-03-27 06:01:02,POINT (4.887201522606398 45.730296903522785),49062,2022,['84'],['Auvergne-RhÃ´ne-Alpes'],['69'],['RhÃ´ne'],['691'],['Lyon'],,,['69123'],['Lyon'],['200046977'],['MÃ©tropole de Lyon'],,,['69123'],['Lyon'],['69388'],['Lyon 8e Arrondissement'],['693880402'],['La TrinitÃ©-Mermoz'],LA TRINITÃ-MERMOZ,la trinitÃ©-mermoz,FXX,iris d'habitat,Mairie-Mermoz,Non,,,4.887201522606398,45.730296903522785
79853784409,50823,Mermoz-Pinel,"30185,30186",229,2023-03-27 02:31:26,2023-03-27 06:01:02,POINT (4.887504897580054 45.73101335255398),4362,2022,['84'],['Auvergne-RhÃ´ne-Alpes'],['69'],['RhÃ´ne'],['691'],['Lyon'],,,['69123'],['Lyon'],['200046977'],['MÃ©tropole de Lyon'],,,['69123'],['Lyon'],['69388'],['Lyon 8e Arrondissement'],['693880403'],['Genton-Ranvier'],GENTON-RANVIER,genton-ranvier,FXX,iris d'habitat,Mairie-Mermoz,Non,,,4.887504897580054,45.73101335255398
79842785219,50624,Laënnec,30188,281,2023-03-27 02:31:26,2023-03-27 06:01:02,POINT (4.886433696546791 45.7383353344977),21836,2022,['84'],['Auvergne-RhÃ´ne-Alpes'],['69'],['RhÃ´ne'],['691'],['Lyon'],,,['69123'],['Lyon'],['200046977'],['MÃ©tropole de Lyon'],,,['69123'],['Lyon'],['69388'],['Lyon 8e Arrondissement'],['693880302'],['Rockefeller-La Buire'],ROCKEFELLER-LA BUIRE,rockefeller-la buire,FXX,iris d'habitat,La Buire-Bataille,Non,,,4.886433696546791,45.7383353344977
79777685750,50411,Grange Blanche,"30189,30190",282,2023-03-27 02:31:26,2023-03-27 06:01:02,POINT (4.878294120261891 45.74329669484773),28441,2022,['84'],['Auvergne-RhÃ´ne-Alpes'],['69'],['RhÃ´ne'],['691'],['Lyon'],,,['69123'],['Lyon'],['200046977'],['MÃ©tropole de Lyon'],,,['69123'],['Lyon'],['69383'],['Lyon 3e Arrondissement'],['693830802'],['Trarieux-Lacassagne'],TRARIEUX-LACASSAGNE,trarieux-lacassagne,FXX,iris d'habitat,Feuillat-Desgenettes,Non,,,4.878294120261891,45.74329669484773
79784385758,50412,Grange Blanche,"30189,30190",234,2023-03-27 02:31:26,2023-03-27 06:01:02,POINT (4.879151115641054 45.74334695363147),47093,2022,['84'],['Auvergne-RhÃ´ne-Alpes'],['69'],['RhÃ´ne'],['691'],['Lyon'],,,['69123'],['Lyon'],['200046977'],['MÃ©tropole de Lyon'],,,['69123'],['Lyon'],['69383'],['Lyon 3e Arrondissement'],['693830803'],['Grange Blanche'],GRANGE BLANCHE,grange blanche,FXX,iris d'activitÃ©,Feuillat-Desgenettes,Non,,,4.879151115641054,45.74334695363147
79787885743,50413,Grange Blanche,"30189,30190",235,2023-03-27 02:31:26,2023-03-27 06:01:02,POINT (4.8795927028783295 45.743204629837095),47093,2022,['84'],['Auvergne-RhÃ´ne-Alpes'],['69'],['RhÃ´ne'],['691'],['Lyon'],,,['69123'],['Lyon'],['200046977'],['MÃ©tropole de Lyon'],,,['69123'],['Lyon'],['69383'],['Lyon 3e Arrondissement'],['693830803'],['Grange Blanche'],GRANGE BLANCHE,grange blanche,FXX,iris d'activitÃ©,Feuillat-Desgenettes,Non,,,4.8795927028783295,45.743204629837095
79777085714,50414,Grange Blanche,"30189,30190",236,2023-03-27 02:31:26,2023-03-27 06:01:02,POINT (4.878203596511483 45.742970647619174),24760,2022,['84'],['Auvergne-RhÃ´ne-Alpes'],['69'],['RhÃ´ne'],['691'],['Lyon'],,,['69123'],['Lyon'],['200046977'],['MÃ©tropole de Lyon'],,,['69123'],['Lyon'],['69388'],['Lyon 8e Arrondissement'],['693880204'],['Montplaisir Sud'],MONTPLAISIR SUD,montplaisir sud,FXX,iris d'habitat,Montplaisir-Bachut,Non,,,4.878203596511483,45.742970647619174
79783085665,50415,Grange Blanche,"30189,30190",283,2023-03-27 02:31:26,2023-03-27 06:01:02,POINT (4.878943804453264 45.74251614938597),28445,2022,['84'],['Auvergne-RhÃ´ne-Alpes'],['69'],['RhÃ´ne'],['691'],['Lyon'],,,['69123'],['Lyon'],['200046977'],['MÃ©tropole de Lyon'],,,['69123'],['Lyon'],['69388'],['Lyon 8e Arrondissement'],['693880301'],['Laennec'],LAENNEC,laennec,FXX,iris d'habitat,La Buire-Bataille,Non,,,4.878943804453264,45.74251614938597
79780685704,50416,Grange Blanche,"30189,30190",284,2023-03-27 02:31:26,2023-03-27 06:01:02,POINT (4.878650798413246 45.74287752748533),24760,2022,['84'],['Auvergne-RhÃ´ne-Alpes'],['69'],['RhÃ´ne'],['691'],['Lyon'],,,['69123'],['Lyon'],['200046977'],['MÃ©tropole de Lyon'],,,['69123'],['Lyon'],['69388'],['Lyon 8e Arrondissement'],['693880204'],['Montplaisir Sud'],MONTPLAISIR SUD,montplaisir sud,FXX,iris d'habitat,Montplaisir-Bachut,Non,,,4.878650798413246,45.74287752748533
80006288158,51012,Laurent Bonnevay,46061,192,2023-03-27 02:31:26,2023-03-27 06:01:02,POINT (4.908655909164273 45.764281686623775),16304,2022,['84'],['Auvergne-RhÃ´ne-Alpes'],['69'],['RhÃ´ne'],['691'],['Lyon'],['8421'],['Lyon'],['69123'],['Lyon'],['200046977'],['MÃ©tropole de Lyon'],,,['69266'],['Villeurbanne'],['69266'],['Villeurbanne'],['692661602'],['Bonnevay'],BONNEVAY,bonnevay,FXX,iris d'habitat,Cusset,Non,,,4.908655909164273,45.764281686623775
80107087837,55641,Vaulx-en-Velin La Soie,36434,48,2023-03-27 02:31:26,2023-03-27 06:01:02,POINT (4.921477502554233 45.76109130644157),28431,2022,['84'],['Auvergne-RhÃ´ne-Alpes'],['69'],['RhÃ´ne'],['691'],['Lyon'],['8421'],['Lyon'],['69123'],['Lyon'],['200046977'],['MÃ©tropole de Lyon'],,,['69256'],['Vaulx-en-Velin'],['69256'],['Vaulx-en-Velin'],['692560701'],['La Soie-La Balme'],LA SOIE-LA BALME,la soie-la balme,FXX,iris d'habitat,Vaulx-en-Velin Sud,Non,,,4.921477502554233,45.76109130644157
80114187859,55642,Vaulx-en-Velin La Soie,36434,193,2023-03-27 02:31:26,2023-03-27 06:01:02,POINT (4.922395599829083 45.761268919374935),28431,2022,['84'],['Auvergne-RhÃ´ne-Alpes'],['69'],['RhÃ´ne'],['691'],['Lyon'],['8421'],['Lyon'],['69123'],['Lyon'],['200046977'],['MÃ©tropole de Lyon'],,,['69256'],['Vaulx-en-Velin'],['69256'],['Vaulx-en-Velin'],['692560701'],['La Soie-La Balme'],LA SOIE-LA BALME,la soie-la balme,FXX,iris d'habitat,Vaulx-en-Velin Sud,Non,,,4.922395599829083,45.761268919374935
79654188721,51021,Charpennes,"46055,42740,30472",274,2023-03-27 02:31:26,2023-03-27 06:01:02,POINT (4.8636534836810545 45.7703660013982),24753,2022,['84'],['Auvergne-RhÃ´ne-Alpes'],['69'],['RhÃ´ne'],['691'],['Lyon'],['8421'],['Lyon'],['69123'],['Lyon'],['200046977'],['MÃ©tropole de Lyon'],,,['69266'],['Villeurbanne'],['69266'],['Villeurbanne'],['692660102'],['Charles Hernu'],CHARLES HERNU,charles hernu,FXX,iris d'habitat,Charpenne-Charmette,Non,,,4.8636534836810545,45.7703660013982
79647488692,51022,Charpennes,"42740,46055,30472",275,2023-03-27 02:31:26,2023-03-27 06:01:02,POINT (4.862784383049966 45.77012533090535),24753,2022,['84'],['Auvergne-RhÃ´ne-Alpes'],['69'],['RhÃ´ne'],['691'],['Lyon'],['8421'],['Lyon'],['69123'],['Lyon'],['200046977'],['MÃ©tropole de Lyon'],,,['69266'],['Villeurbanne'],['69266'],['Villeurbanne'],['692660102'],['Charles Hernu'],CHARLES HERNU,charles hernu,FXX,iris d'habitat,Charpenne-Charmette,Non,,,4.862784383049966,45.77012533090535
79652188716,51023,Charpennes,"46055,42740,30472",194,2023-03-27 02:31:26,2023-03-27 06:01:02,POINT (4.863393702289214 45.770333232193074),24753,2022,['84'],['Auvergne-RhÃ´ne-Alpes'],['69'],['RhÃ´ne'],['691'],['Lyon'],['8421'],['Lyon'],['69123'],['Lyon'],['200046977'],['MÃ©tropole de Lyon'],,,['69266'],['Villeurbanne'],['69266'],['Villeurbanne'],['692660102'],['Charles Hernu'],CHARLES HERNU,charles hernu,FXX,iris d'habitat,Charpenne-Charmette,Non,,,4.863393702289214,45.770333232193074
79733088776,51832,République Villeurbanne,46056,180,2023-03-27 02:31:26,2023-03-27 06:01:02,POINT (4.873818330563868 45.7706329252058),30772,2022,['84'],['Auvergne-RhÃ´ne-Alpes'],['69'],['RhÃ´ne'],['691'],['Lyon'],['8421'],['Lyon'],['69123'],['Lyon'],['200046977'],['MÃ©tropole de Lyon'],,,['69266'],['Villeurbanne'],['69266'],['Villeurbanne'],['692661001'],['Zola-PressensÃ© Ouest'],ZOLA-PRESSENSÃ OUEST,zola-pressensÃ© ouest,FXX,iris d'habitat,Zola-Pressense,Non,,,4.873818330563868,45.7706329252058
79727688775,51833,République Villeurbanne,42739,181,2023-03-27 02:31:26,2023-03-27 06:01:02,POINT (4.873116157095953 45.77063825797182),44883,2022,['84'],['Auvergne-RhÃ´ne-Alpes'],['69'],['RhÃ´ne'],['691'],['Lyon'],['8421'],['Lyon'],['69123'],['Lyon'],['200046977'],['MÃ©tropole de Lyon'],,,['69266'],['Villeurbanne'],['69266'],['Villeurbanne'],['692661201'],['RÃ©publique'],RÃPUBLIQUE,rÃ©publique,FXX,iris d'habitat,RÃ©publique-TolstoÃ¯,Non,,,4.873116157095953,45.77063825797182
79733388762,51834,République Villeurbanne,42739,182,2023-03-27 02:31:26,2023-03-27 06:01:02,POINT (4.873851655199321 45.770504893591934),44883,2022,['84'],['Auvergne-RhÃ´ne-Alpes'],['69'],['RhÃ´ne'],['691'],['Lyon'],['8421'],['Lyon'],['69123'],['Lyon'],['200046977'],['MÃ©tropole de Lyon'],,,['69266'],['Villeurbanne'],['69266'],['Villeurbanne'],['692661201'],['RÃ©publique'],RÃPUBLIQUE,rÃ©publique,FXX,iris d'habitat,RÃ©publique-TolstoÃ¯,Non,,,4.873851655199321,45.770504893591934
79794588637,50421,Gratte Ciel,"46057,42738",34,2023-03-27 02:31:26,2023-03-27 06:01:02,POINT (4.88165450649713 45.769206016775414),30773,2022,['84'],['Auvergne-RhÃ´ne-Alpes'],['69'],['RhÃ´ne'],['691'],['Lyon'],['8421'],['Lyon'],['69123'],['Lyon'],['200046977'],['MÃ©tropole de Lyon'],,,['69266'],['Villeurbanne'],['69266'],['Villeurbanne'],['692661002'],['Zola-PressensÃ© Est'],ZOLA-PRESSENSÃ EST,zola-pressensÃ© est,FXX,iris d'habitat,Zola-Pressense,Non,,,4.88165450649713,45.769206016775414
79796988632,50422,Gratte Ciel,"46057,42738",183,2023-03-27 02:31:26,2023-03-27 06:01:02,POINT (4.881962224295034 45.7691516043511),30773,2022,['84'],['Auvergne-RhÃ´ne-Alpes'],['69'],['RhÃ´ne'],['691'],['Lyon'],['8421'],['Lyon'],['69123'],['Lyon'],['200046977'],['MÃ©tropole de Lyon'],,,['69266'],['Villeurbanne'],['69266'],['Villeurbanne'],['692661002'],['Zola-PressensÃ© Est'],ZOLA-PRESSENSÃ EST,zola-pressensÃ© est,FXX,iris d'habitat,Zola-Pressense,Non,,,4.881962224295034,45.7691516043511
79791488628,50423,Gratte Ciel,"42738,46057",184,2023-03-27 02:31:26,2023-03-27 06:01:02,POINT (4.881265248351128 45.769138237882935),43416,2022,['84'],['Auvergne-RhÃ´ne-Alpes'],['69'],['RhÃ´ne'],['691'],['Lyon'],['8421'],['Lyon'],['69123'],['Lyon'],['200046977'],['MÃ©tropole de Lyon'],,,['69266'],['Villeurbanne'],['69266'],['Villeurbanne'],['692661204'],['Gratte-Ciel Est'],GRATTE-CIEL EST,gratte-ciel est,FXX,iris d'habitat,RÃ©publique-TolstoÃ¯,Non,,,4.881265248351128,45.769138237882935
79796588616,50424,Gratte Ciel,"42738,46057",185,2023-03-27 02:31:26,2023-03-27 06:01:02,POINT (4.88190523742135 45.76900968485761),43416,2022,['84'],['Auvergne-RhÃ´ne-Alpes'],['69'],['RhÃ´ne'],['691'],['Lyon'],['8421'],['Lyon'],['69123'],['Lyon'],['200046977'],['MÃ©tropole de Lyon'],,,['69266'],['Villeurbanne'],['69266'],['Villeurbanne'],['692661204'],['Gratte-Ciel Est'],GRATTE-CIEL EST,gratte-ciel est,FXX,iris d'habitat,RÃ©publique-TolstoÃ¯,Non,,,4.88190523742135,45.76900968485761
79860488485,50241,Flachet,46058,38,2023-03-27 02:31:26,2023-03-27 06:01:02,POINT (4.890063531269022 45.767642838284914),44885,2022,['84'],['Auvergne-RhÃ´ne-Alpes'],['69'],['RhÃ´ne'],['691'],['Lyon'],['8421'],['Lyon'],['69123'],['Lyon'],['200046977'],['MÃ©tropole de Lyon'],,,['69266'],['Villeurbanne'],['69266'],['Villeurbanne'],['692661601'],['Cusset-Ouest'],CUSSET-OUEST,cusset-ouest,FXX,iris d'habitat,Cusset,Non,,,4.890063531269022,45.767642838284914
79864088476,50242,Flachet,46058,186,2023-03-27 02:31:26,2023-03-27 06:01:02,POINT (4.8905275318323085 45.76755577329401),44885,2022,['84'],['Auvergne-RhÃ´ne-Alpes'],['69'],['RhÃ´ne'],['691'],['Lyon'],['8421'],['Lyon'],['69123'],['Lyon'],['200046977'],['MÃ©tropole de Lyon'],,,['69266'],['Villeurbanne'],['69266'],['Villeurbanne'],['692661601'],['Cusset-Ouest'],CUSSET-OUEST,cusset-ouest,FXX,iris d'habitat,Cusset,Non,,,4.8905275318323085,45.76755577329401
79375486364,50851,Perrache,30101,1,2023-03-27 02:31:26,2023-03-27 06:01:02,POINT (4.826879932326511 45.74997054375387),37944,2022,['84'],['Auvergne-RhÃ´ne-Alpes'],['69'],['RhÃ´ne'],['691'],['Lyon'],,,['69123'],['Lyon'],['200046977'],['MÃ©tropole de Lyon'],,,['69123'],['Lyon'],['69382'],['Lyon 2e Arrondissement'],['693820503'],['Verdun-Suchet'],VERDUN-SUCHET,verdun-suchet,FXX,iris d'habitat,Perrache-Charlemagne,Non,,,4.826879932326511,45.74997054375387
79441688353,50465,Hôtel de Ville,"42743,30156,46052",266,2023-03-27 02:31:26,2023-03-27 06:01:02,POINT (4.836199427658897 45.767673569130906),26529,2022,['84'],['Auvergne-RhÃ´ne-Alpes'],['69'],['RhÃ´ne'],['691'],['Lyon'],,,['69123'],['Lyon'],['200046977'],['MÃ©tropole de Lyon'],,,['69123'],['Lyon'],['69381'],['Lyon 1er Arrondissement'],['693810102'],['Louis Pradel'],LOUIS PRADEL,louis pradel,FXX,iris d'activitÃ©,Terreaux-Bat d'Argent,Non,,,4.836199427658897,45.767673569130906
79502688499,51821,Foch,46053,20,2023-03-27 02:31:26,2023-03-27 06:01:02,POINT (4.844092779772338 45.7688091349081),20514,2022,['84'],['Auvergne-RhÃ´ne-Alpes'],['69'],['RhÃ´ne'],['691'],['Lyon'],,,['69123'],['Lyon'],['200046977'],['MÃ©tropole de Lyon'],,,['69123'],['Lyon'],['69386'],['Lyon 6e Arrondissement'],['693860301'],['MarÃ©chal Lyautey'],MARÃCHAL LYAUTEY,marÃ©chal lyautey,FXX,iris d'habitat,MarÃ©chal Lyautey-Vitton,Non,,,4.844092779772338,45.7688091349081
79506988507,51822,Foch,46053,173,2023-03-27 02:31:26,2023-03-27 06:01:02,POINT (4.844654352521537 45.768868872180725),20514,2022,['84'],['Auvergne-RhÃ´ne-Alpes'],['69'],['RhÃ´ne'],['691'],['Lyon'],,,['69123'],['Lyon'],['200046977'],['MÃ©tropole de Lyon'],,,['69123'],['Lyon'],['69386'],['Lyon 6e Arrondissement'],['693860301'],['MarÃ©chal Lyautey'],MARÃCHAL LYAUTEY,marÃ©chal lyautey,FXX,iris d'habitat,MarÃ©chal Lyautey-Vitton,Non,,,4.844654352521537,45.768868872180725
79502988480,51823,Foch,42742,174,2023-03-27 02:31:26,2023-03-27 06:01:02,POINT (4.8441295414715135 45.76863369044237),20514,2022,['84'],['Auvergne-RhÃ´ne-Alpes'],['69'],['RhÃ´ne'],['691'],['Lyon'],,,['69123'],['Lyon'],['200046977'],['MÃ©tropole de Lyon'],,,['69123'],['Lyon'],['69386'],['Lyon 6e Arrondissement'],['693860301'],['MarÃ©chal Lyautey'],MARÃCHAL LYAUTEY,marÃ©chal lyautey,FXX,iris d'habitat,MarÃ©chal Lyautey-Vitton,Non,,,4.8441295414715135,45.76863369044237
79507388486,51824,Foch,42742,175,2023-03-27 02:31:26,2023-03-27 06:01:02,POINT (4.844691197311679 45.7686811839876),20514,2022,['84'],['Auvergne-RhÃ´ne-Alpes'],['69'],['RhÃ´ne'],['691'],['Lyon'],,,['69123'],['Lyon'],['200046977'],['MÃ©tropole de Lyon'],,,['69123'],['Lyon'],['69386'],['Lyon 6e Arrondissement'],['693860301'],['MarÃ©chal Lyautey'],MARÃCHAL LYAUTEY,marÃ©chal lyautey,FXX,iris d'habitat,MarÃ©chal Lyautey-Vitton,Non,,,4.844691197311679,45.7686811839876
79570888610,50811,Masséna,46054,24,2023-03-27 02:31:26,2023-03-27 06:01:02,POINT (4.8529090017663705 45.76961383224849),39045,2022,['84'],['Auvergne-RhÃ´ne-Alpes'],['69'],['RhÃ´ne'],['691'],['Lyon'],,,['69123'],['Lyon'],['200046977'],['MÃ©tropole de Lyon'],,,['69123'],['Lyon'],['69386'],['Lyon 6e Arrondissement'],['693860303'],['Vitton'],VITTON,vitton,FXX,iris d'habitat,MarÃ©chal Lyautey-Vitton,Non,,,4.8529090017663705,45.76961383224849
79575688618,50812,Masséna,46054,176,2023-03-27 02:31:26,2023-03-27 06:01:02,POINT (4.853527125517346 45.76966658741038),39045,2022,['84'],['Auvergne-RhÃ´ne-Alpes'],['69'],['RhÃ´ne'],['691'],['Lyon'],,,['69123'],['Lyon'],['200046977'],['MÃ©tropole de Lyon'],,,['69123'],['Lyon'],['69386'],['Lyon 6e Arrondissement'],['693860303'],['Vitton'],VITTON,vitton,FXX,iris d'habitat,MarÃ©chal Lyautey-Vitton,Non,,,4.853527125517346,45.76966658741038
79571188594,50813,Masséna,42741,177,2023-03-27 02:31:26,2023-03-27 06:01:02,POINT (4.852935927091166 45.769468578879),39045,2022,['84'],['Auvergne-RhÃ´ne-Alpes'],['69'],['RhÃ´ne'],['691'],['Lyon'],,,['69123'],['Lyon'],['200046977'],['MÃ©tropole de Lyon'],,,['69123'],['Lyon'],['69386'],['Lyon 6e Arrondissement'],['693860303'],['Vitton'],VITTON,vitton,FXX,iris d'habitat,MarÃ©chal Lyautey-Vitton,Non,,,4.852935927091166,45.769468578879
79575988603,50814,Masséna,42741,178,2023-03-27 02:31:26,2023-03-27 06:01:02,POINT (4.853554419540872 45.76952942671319),39045,2022,['84'],['Auvergne-RhÃ´ne-Alpes'],['69'],['RhÃ´ne'],['691'],['Lyon'],,,['69123'],['Lyon'],['200046977'],['MÃ©tropole de Lyon'],,,['69123'],['Lyon'],['69386'],['Lyon 6e Arrondissement'],['693860303'],['Vitton'],VITTON,vitton,FXX,iris d'habitat,MarÃ©chal Lyautey-Vitton,Non,,,4.853554419540872,45.76952942671319
79658188766,51021,Charpennes,"46055,42740,30472",28,2023-03-27 02:31:26,2023-03-27 06:01:02,POINT (4.864194702550408 45.77076283779082),24753,2022,['84'],['Auvergne-RhÃ´ne-Alpes'],['69'],['RhÃ´ne'],['691'],['Lyon'],['8421'],['Lyon'],['69123'],['Lyon'],['200046977'],['MÃ©tropole de Lyon'],,,['69266'],['Villeurbanne'],['69266'],['Villeurbanne'],['692660102'],['Charles Hernu'],CHARLES HERNU,charles hernu,FXX,iris d'habitat,Charpenne-Charmette,Non,,,4.864194702550408,45.77076283779082
79659788737,51022,Charpennes,"42740,46055,30472",179,2023-03-27 02:31:26,2023-03-27 06:01:02,POINT (4.864388213927409 45.77049825451265),24753,2022,['84'],['Auvergne-RhÃ´ne-Alpes'],['69'],['RhÃ´ne'],['691'],['Lyon'],['8421'],['Lyon'],['69123'],['Lyon'],['200046977'],['MÃ©tropole de Lyon'],,,['69266'],['Villeurbanne'],['69266'],['Villeurbanne'],['692660102'],['Charles Hernu'],CHARLES HERNU,charles hernu,FXX,iris d'habitat,Charpenne-Charmette,Non,,,4.864388213927409,45.77049825451265
79728488786,51831,République Villeurbanne,46056,30,2023-03-27 02:31:26,2023-03-27 06:01:02,POINT (4.873227913236662 45.77074104870781),1177,2022,['84'],['Auvergne-RhÃ´ne-Alpes'],['69'],['RhÃ´ne'],['691'],['Lyon'],['8421'],['Lyon'],['69123'],['Lyon'],['200046977'],['MÃ©tropole de Lyon'],,,['69266'],['Villeurbanne'],['69266'],['Villeurbanne'],['692660103'],['Charpenne-Wilson'],CHARPENNE-WILSON,charpenne-wilson,FXX,iris d'habitat,Charpenne-Charmette,Non,,,4.873227913236662,45.77074104870781
79863288465,50244,Flachet,42737,188,2023-03-27 02:31:26,2023-03-27 06:01:02,POINT (4.8904120330916205 45.76745605484841),20507,2022,['84'],['Auvergne-RhÃ´ne-Alpes'],['69'],['RhÃ´ne'],['691'],['Lyon'],['8421'],['Lyon'],['69123'],['Lyon'],['200046977'],['MÃ©tropole de Lyon'],,,['69266'],['Villeurbanne'],['69266'],['Villeurbanne'],['692661404'],['Pierre Cacard'],PIERRE CACARD,pierre cacard,FXX,iris d'habitat,PerraliÃ¨re,Non,,,4.8904120330916205,45.76745605484841
79937488309,50231,Cusset,"46059,42736",42,2023-03-27 02:31:26,2023-03-27 06:01:02,POINT (4.899880644186058 45.76583552891993),16304,2022,['84'],['Auvergne-RhÃ´ne-Alpes'],['69'],['RhÃ´ne'],['691'],['Lyon'],['8421'],['Lyon'],['69123'],['Lyon'],['200046977'],['MÃ©tropole de Lyon'],,,['69266'],['Villeurbanne'],['69266'],['Villeurbanne'],['692661602'],['Bonnevay'],BONNEVAY,bonnevay,FXX,iris d'habitat,Cusset,Non,,,4.899880644186058,45.76583552891993
79944388311,50232,Cusset,"46059,42736",189,2023-03-27 02:31:26,2023-03-27 06:01:02,POINT (4.900771522471866 45.76584030282722),16304,2022,['84'],['Auvergne-RhÃ´ne-Alpes'],['69'],['RhÃ´ne'],['691'],['Lyon'],['8421'],['Lyon'],['69123'],['Lyon'],['200046977'],['MÃ©tropole de Lyon'],,,['69266'],['Villeurbanne'],['69266'],['Villeurbanne'],['692661602'],['Bonnevay'],BONNEVAY,bonnevay,FXX,iris d'habitat,Cusset,Non,,,4.900771522471866,45.76584030282722
79937188296,50233,Cusset,"42736,46059",273,2023-03-27 02:31:26,2023-03-27 06:01:02,POINT (4.899836335317073 45.76572096252939),4350,2022,['84'],['Auvergne-RhÃ´ne-Alpes'],['69'],['RhÃ´ne'],['691'],['Lyon'],['8421'],['Lyon'],['69123'],['Lyon'],['200046977'],['MÃ©tropole de Lyon'],,,['69266'],['Villeurbanne'],['69266'],['Villeurbanne'],['692661702'],['RÃ©guillon'],RÃGUILLON,rÃ©guillon,FXX,iris d'habitat,LÃ©on Blum-Bon Coin,Non,,,4.899836335317073,45.76572096252939
79946088253,50234,Cusset,"42736,46059",191,2023-03-27 02:31:26,2023-03-27 06:01:02,POINT (4.900969738589451 45.76530829414482),4350,2022,['84'],['Auvergne-RhÃ´ne-Alpes'],['69'],['RhÃ´ne'],['691'],['Lyon'],['8421'],['Lyon'],['69123'],['Lyon'],['200046977'],['MÃ©tropole de Lyon'],,,['69266'],['Villeurbanne'],['69266'],['Villeurbanne'],['692661702'],['RÃ©guillon'],RÃGUILLON,rÃ©guillon,FXX,iris d'habitat,LÃ©on Blum-Bon Coin,Non,,,4.900969738589451,45.76530829414482
80007788130,51011,Laurent Bonnevay,46060,46,2023-03-27 02:31:26,2023-03-27 06:01:02,POINT (4.908846977406899 45.76402211924167),34601,2022,['84'],['Auvergne-RhÃ´ne-Alpes'],['69'],['RhÃ´ne'],['691'],['Lyon'],['8421'],['Lyon'],['69123'],['Lyon'],['200046977'],['MÃ©tropole de Lyon'],,,['69266'],['Villeurbanne'],['69266'],['Villeurbanne'],['692661704'],['Fays-Est'],FAYS-EST,fays-est,FXX,iris d'habitat,LÃ©on Blum-Bon Coin,Non,,,4.908846977406899,45.76402211924167
79533687425,50434,Place Guichard,46026,201,2023-03-27 02:31:26,2023-03-27 06:01:02,POINT (4.847635683163847 45.759065261753726),28440,2022,['84'],['Auvergne-RhÃ´ne-Alpes'],['69'],['RhÃ´ne'],['691'],['Lyon'],,,['69123'],['Lyon'],['200046977'],['MÃ©tropole de Lyon'],,,['69123'],['Lyon'],['69383'],['Lyon 3e Arrondissement'],['693830205'],['Mairie-Saint-Sacrement'],MAIRIE-SAINT-SACREMENT,mairie-saint-sacrement,FXX,iris d'habitat,Voltaire-Saint-Amour,Non,,,4.847635683163847,45.759065261753726
79530786832,50921,Saxe-gambetta,"30133,46040,30197,30198",63,2023-03-27 02:31:26,2023-03-27 06:01:02,POINT (4.847019614241803 45.75373673413629),47097,2022,['84'],['Auvergne-RhÃ´ne-Alpes'],['69'],['RhÃ´ne'],['691'],['Lyon'],,,['69123'],['Lyon'],['200046977'],['MÃ©tropole de Lyon'],,,['69123'],['Lyon'],['69387'],['Lyon 7e Arrondissement'],['693870301'],['Victor Basch'],VICTOR BASCH,victor basch,FXX,iris d'habitat,Victor Bach-Saint-Louis,Non,,,4.847019614241803,45.75373673413629
79526586719,50922,Saxe-gambetta,"30133,46040,30197,30198",202,2023-03-27 02:31:26,2023-03-27 06:01:02,POINT (4.846435536195241 45.752734909512014),47097,2022,['84'],['Auvergne-RhÃ´ne-Alpes'],['69'],['RhÃ´ne'],['691'],['Lyon'],,,['69123'],['Lyon'],['200046977'],['MÃ©tropole de Lyon'],,,['69123'],['Lyon'],['69387'],['Lyon 7e Arrondissement'],['693870301'],['Victor Basch'],VICTOR BASCH,victor basch,FXX,iris d'habitat,Victor Bach-Saint-Louis,Non,,,4.846435536195241,45.752734909512014
79499485938,51602,Jean Macé,46028,205,2023-03-27 02:31:26,2023-03-27 06:01:02,POINT (4.842638394558017 45.7457925224281),4361,2022,['84'],['Auvergne-RhÃ´ne-Alpes'],['69'],['RhÃ´ne'],['691'],['Lyon'],,,['69123'],['Lyon'],['200046977'],['MÃ©tropole de Lyon'],,,['69123'],['Lyon'],['69387'],['Lyon 7e Arrondissement'],['693870402'],['Jean MacÃ©'],JEAN MACÃ,jean macÃ©,FXX,iris d'habitat,Grand Quartier 4,Non,,,4.842638394558017,45.7457925224281
79436184335,52201,Debourg,46031,75,2023-03-27 02:31:26,2023-03-27 06:01:02,POINT (4.833851906688496 45.73155908443829),1189,2022,['84'],['Auvergne-RhÃ´ne-Alpes'],['69'],['RhÃ´ne'],['691'],['Lyon'],,,['69123'],['Lyon'],['200046977'],['MÃ©tropole de Lyon'],,,['69123'],['Lyon'],['69387'],['Lyon 7e Arrondissement'],['693870704'],['Jean-JaurÃ¨s Sud'],JEAN-JAURÃS SUD,jean-jaurÃ¨s sud,FXX,iris d'habitat,Grand Quartier 7,Non,,,4.833851906688496,45.73155908443829
79431684217,52202,Debourg,46031,211,2023-03-27 02:31:26,2023-03-27 06:01:02,POINT (4.833229858850956 45.73051151232349),16316,2022,['84'],['Auvergne-RhÃ´ne-Alpes'],['69'],['RhÃ´ne'],['691'],['Lyon'],,,['69123'],['Lyon'],['200046977'],['MÃ©tropole de Lyon'],,,['69123'],['Lyon'],['69387'],['Lyon 7e Arrondissement'],['693870703'],['CitÃ© Jardin'],CITÃ JARDIN,citÃ© jardin,FXX,iris d'habitat,Grand Quartier 7,Non,,,4.833229858850956,45.73051151232349
79434784340,52203,Debourg,46032,212,2023-03-27 02:31:26,2023-03-27 06:01:02,POINT (4.833671283922232 45.73160927978361),41370,2022,['84'],['Auvergne-RhÃ´ne-Alpes'],['69'],['RhÃ´ne'],['691'],['Lyon'],,,['69123'],['Lyon'],['200046977'],['MÃ©tropole de Lyon'],,,['69123'],['Lyon'],['69387'],['Lyon 7e Arrondissement'],['693870801'],['Marcel MÃ©rieux'],MARCEL MÃRIEUX,marcel mÃ©rieux,FXX,iris d'habitat,Grand Quartier 8,Non,,,4.833671283922232,45.73160927978361
79430284223,52204,Debourg,46032,213,2023-03-27 02:31:26,2023-03-27 06:01:02,POINT (4.8330477532821075 45.7305657902159),41370,2022,['84'],['Auvergne-RhÃ´ne-Alpes'],['69'],['RhÃ´ne'],['691'],['Lyon'],,,['69123'],['Lyon'],['200046977'],['MÃ©tropole de Lyon'],,,['69123'],['Lyon'],['69387'],['Lyon 7e Arrondissement'],['693870801'],['Marcel MÃ©rieux'],MARCEL MÃRIEUX,marcel mÃ©rieux,FXX,iris d'habitat,Grand Quartier 8,Non,,,4.8330477532821075,45.7305657902159
79417483840,52001,Stade de Gerland,46034,79,2023-03-27 02:31:26,2023-03-27 06:01:02,POINT (4.831253811967126 45.727155378945575),16316,2022,['84'],['Auvergne-RhÃ´ne-Alpes'],['69'],['RhÃ´ne'],['691'],['Lyon'],,,['69123'],['Lyon'],['200046977'],['MÃ©tropole de Lyon'],,,['69123'],['Lyon'],['69387'],['Lyon 7e Arrondissement'],['693870703'],['CitÃ© Jardin'],CITÃ JARDIN,citÃ© jardin,FXX,iris d'habitat,Grand Quartier 7,Non,,,4.831253811967126,45.727155378945575
79413683722,52002,Stade de Gerland,46034,214,2023-03-27 02:31:26,2023-03-27 06:01:02,POINT (4.830712493715564 45.726108882013214),44895,2022,['84'],['Auvergne-RhÃ´ne-Alpes'],['69'],['RhÃ´ne'],['691'],['Lyon'],,,['69123'],['Lyon'],['200046977'],['MÃ©tropole de Lyon'],,,['69123'],['Lyon'],['69387'],['Lyon 7e Arrondissement'],['693870802'],['Tony Garnier'],TONY GARNIER,tony garnier,FXX,iris d'habitat,Grand Quartier 8,Non,,,4.830712493715564,45.726108882013214
79414083854,52003,Stade de Gerland,46034,215,2023-03-27 02:31:26,2023-03-27 06:01:02,POINT (4.830821988453207 45.727294504930754),41370,2022,['84'],['Auvergne-RhÃ´ne-Alpes'],['69'],['RhÃ´ne'],['691'],['Lyon'],,,['69123'],['Lyon'],['200046977'],['MÃ©tropole de Lyon'],,,['69123'],['Lyon'],['69387'],['Lyon 7e Arrondissement'],['693870801'],['Marcel MÃ©rieux'],MARCEL MÃRIEUX,marcel mÃ©rieux,FXX,iris d'habitat,Grand Quartier 8,Non,,,4.830821988453207,45.727294504930754
79410783732,52004,Stade de Gerland,46034,216,2023-03-27 02:31:26,2023-03-27 06:01:02,POINT (4.830349093365456 45.72620643038111),44895,2022,['84'],['Auvergne-RhÃ´ne-Alpes'],['69'],['RhÃ´ne'],['691'],['Lyon'],,,['69123'],['Lyon'],['200046977'],['MÃ©tropole de Lyon'],,,['69123'],['Lyon'],['69387'],['Lyon 7e Arrondissement'],['693870802'],['Tony Garnier'],TONY GARNIER,tony garnier,FXX,iris d'habitat,Grand Quartier 8,Non,,,4.830349093365456,45.72620643038111
79441388705,52221,Croix Paquet,10787,83,2023-03-27 02:31:26,2023-03-27 06:01:02,POINT (4.8363051366541905 45.77084044307503),4356,2022,['84'],['Auvergne-RhÃ´ne-Alpes'],['69'],['RhÃ´ne'],['691'],['Lyon'],,,['69123'],['Lyon'],['200046977'],['MÃ©tropole de Lyon'],,,['69123'],['Lyon'],['69381'],['Lyon 1er Arrondissement'],['693810201'],['Griffon-Royale'],GRIFFON-ROYALE,griffon-royale,FXX,iris d'habitat,Griffon-Royale,Non,,,4.8363051366541905,45.77084044307503
79442488720,52222,Croix Paquet,10788,217,2023-03-27 02:31:26,2023-03-27 06:01:02,POINT (4.836449131637344 45.7709720751767),4356,2022,['84'],['Auvergne-RhÃ´ne-Alpes'],['69'],['RhÃ´ne'],['691'],['Lyon'],,,['69123'],['Lyon'],['200046977'],['MÃ©tropole de Lyon'],,,['69123'],['Lyon'],['69381'],['Lyon 1er Arrondissement'],['693810201'],['Griffon-Royale'],GRIFFON-ROYALE,griffon-royale,FXX,iris d'habitat,Griffon-Royale,Non,,,4.836449131637344,45.7709720751767
79406989098,52233,Croix Rousse,644,85,2023-03-27 02:31:26,2023-03-27 06:01:02,POINT (4.8320422825137035 45.7744660619915),13369,2022,['84'],['Auvergne-RhÃ´ne-Alpes'],['69'],['RhÃ´ne'],['691'],['Lyon'],,,['69123'],['Lyon'],['200046977'],['MÃ©tropole de Lyon'],,,['69123'],['Lyon'],['69384'],['Lyon 4e Arrondissement'],['693840203'],['Place Croix Rousse-Austerlitz'],PLACE CROIX ROUSSE-AUSTERLITZ,place croix rousse-austerlitz,FXX,iris d'habitat,HÃ´pital-Place Croix Rousse,Non,,,4.8320422825137035,45.7744660619915
79407089079,52234,Croix Rousse,644,218,2023-03-27 02:31:26,2023-03-27 06:01:02,POINT (4.832055974589562 45.77429437530875),35830,2022,['84'],['Auvergne-RhÃ´ne-Alpes'],['69'],['RhÃ´ne'],['691'],['Lyon'],,,['69123'],['Lyon'],['200046977'],['MÃ©tropole de Lyon'],,,['69123'],['Lyon'],['69381'],['Lyon 1er Arrondissement'],['693810301'],['Grande CÃ´te-Bon Pasteur'],GRANDE CÃTE-BON PASTEUR,grande cÃ´te-bon pasteur,FXX,iris d'habitat,Grande cÃ´te-Annonciade,Non,,,4.832055974589562,45.77429437530875
79369589602,50451,Hénon,30157,87,2023-03-27 02:31:26,2023-03-27 06:01:02,POINT (4.82744459727449 45.779104186623506),32148,2022,['84'],['Auvergne-RhÃ´ne-Alpes'],['69'],['RhÃ´ne'],['691'],['Lyon'],,,['69123'],['Lyon'],['200046977'],['MÃ©tropole de Lyon'],,,['69123'],['Lyon'],['69384'],['Lyon 4e Arrondissement'],['693840301'],['Deleuvre-Henon'],DELEUVRE-HENON,deleuvre-henon,FXX,iris d'habitat,HÃ©non-Mairie,Non,,,4.82744459727449,45.779104186623506
79366489670,50452,Hénon,30157,276,2023-03-27 02:31:26,2023-03-27 06:01:02,POINT (4.8270797991864365 45.77972417646084),32148,2022,['84'],['Auvergne-RhÃ´ne-Alpes'],['69'],['RhÃ´ne'],['691'],['Lyon'],,,['69123'],['Lyon'],['200046977'],['MÃ©tropole de Lyon'],,,['69123'],['Lyon'],['69384'],['Lyon 4e Arrondissement'],['693840301'],['Deleuvre-Henon'],DELEUVRE-HENON,deleuvre-henon,FXX,iris d'habitat,HÃ©non-Mairie,Non,,,4.8270797991864365,45.77972417646084
79370389688,50453,Hénon,30158,220,2023-03-27 02:31:26,2023-03-27 06:01:02,POINT (4.827580625262494 45.779880760615576),47094,2022,['84'],['Auvergne-RhÃ´ne-Alpes'],['69'],['RhÃ´ne'],['691'],['Lyon'],,,['69123'],['Lyon'],['200046977'],['MÃ©tropole de Lyon'],,,['69123'],['Lyon'],['69384'],['Lyon 4e Arrondissement'],['693840204'],['Cuire Canuts'],CUIRE CANUTS,cuire canuts,FXX,iris d'habitat,HÃ´pital-Place Croix Rousse,Non,,,4.827580625262494,45.779880760615576
79371589660,50454,Hénon,30158,221,2023-03-27 02:31:26,2023-03-27 06:01:02,POINT (4.827728130745289 45.77962122546363),47094,2022,['84'],['Auvergne-RhÃ´ne-Alpes'],['69'],['RhÃ´ne'],['691'],['Lyon'],,,['69123'],['Lyon'],['200046977'],['MÃ©tropole de Lyon'],,,['69123'],['Lyon'],['69384'],['Lyon 4e Arrondissement'],['693840204'],['Cuire Canuts'],CUIRE CANUTS,cuire canuts,FXX,iris d'habitat,HÃ´pital-Place Croix Rousse,Non,,,4.827728130745289,45.77962122546363
79371289603,50455,Hénon,30158,277,2023-03-27 02:31:26,2023-03-27 06:01:02,POINT (4.827659314951049 45.779113015780545),47094,2022,['84'],['Auvergne-RhÃ´ne-Alpes'],['69'],['RhÃ´ne'],['691'],['Lyon'],,,['69123'],['Lyon'],['200046977'],['MÃ©tropole de Lyon'],,,['69123'],['Lyon'],['69384'],['Lyon 4e Arrondissement'],['693840204'],['Cuire Canuts'],CUIRE CANUTS,cuire canuts,FXX,iris d'habitat,HÃ´pital-Place Croix Rousse,Non,,,4.827659314951049,45.779113015780545
79406090274,50221,Cuire,30159,92,2023-03-27 02:31:26,2023-03-27 06:01:02,POINT (4.832406554919373 45.78504578065807),30754,2022,['84'],['Auvergne-RhÃ´ne-Alpes'],['69'],['RhÃ´ne'],['691'],['Lyon'],['8421'],['Lyon'],['69123'],['Lyon'],['200046977'],['MÃ©tropole de Lyon'],,,['69034'],['Caluire-et-Cuire'],['69034'],['Caluire-et-Cuire'],['690340104'],['Coste-Croix-Rousse'],COSTE-CROIX-ROUSSE,coste-croix-rousse,FXX,iris d'habitat,Cuire,Non,,,4.832406554919373,45.78504578065807
79860388471,50243,Flachet,42737,187,2023-03-27 02:31:26,2023-03-27 06:01:02,POINT (4.890047572557934 45.76752348303123),20507,2022,['84'],['Auvergne-RhÃ´ne-Alpes'],['69'],['RhÃ´ne'],['691'],['Lyon'],['8421'],['Lyon'],['69123'],['Lyon'],['200046977'],['MÃ©tropole de Lyon'],,,['69266'],['Villeurbanne'],['69266'],['Villeurbanne'],['692661404'],['Pierre Cacard'],PIERRE CACARD,pierre cacard,FXX,iris d'habitat,PerraliÃ¨re,Non,,,4.890047572557934,45.76752348303123
79675186172,50914,Sans souci,30194,246,2023-03-27 02:31:26,2023-03-27 06:01:02,POINT (4.865305823337124 45.747385461319595),17650,2022,['84'],['Auvergne-RhÃ´ne-Alpes'],['69'],['RhÃ´ne'],['691'],['Lyon'],,,['69123'],['Lyon'],['200046977'],['MÃ©tropole de Lyon'],,,['69123'],['Lyon'],['69388'],['Lyon 8e Arrondissement'],['693880101'],['Jean Moulin'],JEAN MOULIN,jean moulin,FXX,iris d'habitat,Jean Moulin-Marius Berliet,Non,,,4.865305823337124,45.747385461319595
79199988088,50404,Gorge de Loup,"30205,30206",260,2023-03-27 02:31:26,2023-03-27 06:01:02,POINT (4.805036701246433 45.76597481983444),16320,2022,['84'],['Auvergne-RhÃ´ne-Alpes'],['69'],['RhÃ´ne'],['691'],['Lyon'],,,['69123'],['Lyon'],['200046977'],['MÃ©tropole de Lyon'],,,['69123'],['Lyon'],['69389'],['Lyon 9e Arrondissement'],['693890401'],['Saint-Pierre de Vaise'],SAINT-PIERRE DE VAISE,saint-pierre de vaise,FXX,iris d'habitat,Gorge de Loup-L'Observance,Non,,,4.805036701246433,45.76597481983444
79201088106,50405,Gorge de Loup,"30205,30206",261,2023-03-27 02:31:26,2023-03-27 06:01:02,POINT (4.805182437899769 45.766135795354046),16320,2022,['84'],['Auvergne-RhÃ´ne-Alpes'],['69'],['RhÃ´ne'],['691'],['Lyon'],,,['69123'],['Lyon'],['200046977'],['MÃ©tropole de Lyon'],,,['69123'],['Lyon'],['69389'],['Lyon 9e Arrondissement'],['693890401'],['Saint-Pierre de Vaise'],SAINT-PIERRE DE VAISE,saint-pierre de vaise,FXX,iris d'habitat,Gorge de Loup-L'Observance,Non,,,4.805182437899769,45.766135795354046
79783485704,50417,Grange Blanche,"30189,30190",239,2023-03-27 02:31:26,2023-03-27 06:01:02,POINT (4.879021960495218 45.74286659972273),47093,2022,['84'],['Auvergne-RhÃ´ne-Alpes'],['69'],['RhÃ´ne'],['691'],['Lyon'],,,['69123'],['Lyon'],['200046977'],['MÃ©tropole de Lyon'],,,['69123'],['Lyon'],['69383'],['Lyon 3e Arrondissement'],['693830803'],['Grange Blanche'],GRANGE BLANCHE,grange blanche,FXX,iris d'activitÃ©,Feuillat-Desgenettes,Non,,,4.879021960495218,45.74286659972273
79720385999,50831,Monplaisir Lumière,30189,115,2023-03-27 02:31:26,2023-03-27 06:01:02,POINT (4.871039379483132 45.7456989214963),16312,2022,['84'],['Auvergne-RhÃ´ne-Alpes'],['69'],['RhÃ´ne'],['691'],['Lyon'],,,['69123'],['Lyon'],['200046977'],['MÃ©tropole de Lyon'],,,['69123'],['Lyon'],['69383'],['Lyon 3e Arrondissement'],['693830604'],['Montbrilland-Guilloud'],MONTBRILLAND-GUILLOUD,montbrilland-guilloud,FXX,iris d'habitat,Grand Quartier 6,Non,,,4.871039379483132,45.7456989214963
79727585970,50832,Monplaisir Lumière,30189,240,2023-03-27 02:31:26,2023-03-27 06:01:02,POINT (4.871944779776416 45.745415095646365),20513,2022,['84'],['Auvergne-RhÃ´ne-Alpes'],['69'],['RhÃ´ne'],['691'],['Lyon'],,,['69123'],['Lyon'],['200046977'],['MÃ©tropole de Lyon'],,,['69123'],['Lyon'],['69383'],['Lyon 3e Arrondissement'],['693830801'],['Feuillat Harmonie'],FEUILLAT HARMONIE,feuillat harmonie,FXX,iris d'habitat,Feuillat-Desgenettes,Non,,,4.871944779776416,45.745415095646365
79720585980,50833,Monplaisir Lumière,30190,241,2023-03-27 02:31:26,2023-03-27 06:01:02,POINT (4.871053559753363 45.745532257736066),1880,2022,['84'],['Auvergne-RhÃ´ne-Alpes'],['69'],['RhÃ´ne'],['691'],['Lyon'],,,['69123'],['Lyon'],['200046977'],['MÃ©tropole de Lyon'],,,['69123'],['Lyon'],['69388'],['Lyon 8e Arrondissement'],['693880203'],['Montplaisir Nord'],MONTPLAISIR NORD,montplaisir nord,FXX,iris d'habitat,Montplaisir-Bachut,Non,,,4.871053559753363,45.745532257736066
79723885956,50834,Monplaisir Lumière,30190,242,2023-03-27 02:31:26,2023-03-27 06:01:02,POINT (4.871463637773313 45.74530237568253),1880,2022,['84'],['Auvergne-RhÃ´ne-Alpes'],['69'],['RhÃ´ne'],['691'],['Lyon'],,,['69123'],['Lyon'],['200046977'],['MÃ©tropole de Lyon'],,,['69123'],['Lyon'],['69388'],['Lyon 8e Arrondissement'],['693880203'],['Montplaisir Nord'],MONTPLAISIR NORD,montplaisir nord,FXX,iris d'habitat,Montplaisir-Bachut,Non,,,4.871463637773313,45.74530237568253
79725585950,50835,Monplaisir Lumière,30190,243,2023-03-27 02:31:26,2023-03-27 06:01:02,POINT (4.871681665331599 45.745246144065774),1880,2022,['84'],['Auvergne-RhÃ´ne-Alpes'],['69'],['RhÃ´ne'],['691'],['Lyon'],,,['69123'],['Lyon'],['200046977'],['MÃ©tropole de Lyon'],,,['69123'],['Lyon'],['69388'],['Lyon 8e Arrondissement'],['693880203'],['Montplaisir Nord'],MONTPLAISIR NORD,montplaisir nord,FXX,iris d'habitat,Montplaisir-Bachut,Non,,,4.871681665331599,45.745246144065774
79669286230,50911,Sans souci,30193,120,2023-03-27 02:31:26,2023-03-27 06:01:02,POINT (4.86457099314329 45.74793002766266),37945,2022,['84'],['Auvergne-RhÃ´ne-Alpes'],['69'],['RhÃ´ne'],['691'],['Lyon'],,,['69123'],['Lyon'],['200046977'],['MÃ©tropole de Lyon'],,,['69123'],['Lyon'],['69383'],['Lyon 3e Arrondissement'],['693830602'],['DauphinÃ©-Montluc'],DAUPHINÃ-MONTLUC,dauphinÃ©-montluc,FXX,iris d'habitat,Grand Quartier 6,Non,,,4.86457099314329,45.74793002766266
79678386189,50912,Sans souci,30193,244,2023-03-27 02:31:26,2023-03-27 06:01:02,POINT (4.865721443195043 45.74753550925579),32147,2022,['84'],['Auvergne-RhÃ´ne-Alpes'],['69'],['RhÃ´ne'],['691'],['Lyon'],,,['69123'],['Lyon'],['200046977'],['MÃ©tropole de Lyon'],,,['69123'],['Lyon'],['69383'],['Lyon 3e Arrondissement'],['693830603'],['Saint-Maximin-Sisley'],SAINT-MAXIMIN-SISLEY,saint-maximin-sisley,FXX,iris d'habitat,Grand Quartier 6,Non,,,4.865721443195043,45.74753550925579
79668686216,50913,Sans souci,30194,245,2023-03-27 02:31:26,2023-03-27 06:01:02,POINT (4.864477926932222 45.74779890513025),17650,2022,['84'],['Auvergne-RhÃ´ne-Alpes'],['69'],['RhÃ´ne'],['691'],['Lyon'],,,['69123'],['Lyon'],['200046977'],['MÃ©tropole de Lyon'],,,['69123'],['Lyon'],['69388'],['Lyon 8e Arrondissement'],['693880101'],['Jean Moulin'],JEAN MOULIN,jean moulin,FXX,iris d'habitat,Jean Moulin-Marius Berliet,Non,,,4.864477926932222,45.74779890513025
79409590319,50222,Cuire,30159,223,2023-03-27 02:31:26,2023-03-27 06:01:02,POINT (4.832879753007834 45.78543719458757),30754,2022,['84'],['Auvergne-RhÃ´ne-Alpes'],['69'],['RhÃ´ne'],['691'],['Lyon'],['8421'],['Lyon'],['69123'],['Lyon'],['200046977'],['MÃ©tropole de Lyon'],,,['69034'],['Caluire-et-Cuire'],['69034'],['Caluire-et-Cuire'],['690340104'],['Coste-Croix-Rousse'],COSTE-CROIX-ROUSSE,coste-croix-rousse,FXX,iris d'habitat,Cuire,Non,,,4.832879753007834,45.78543719458757
79407990294,50223,Cuire,30159,224,2023-03-27 02:31:26,2023-03-27 06:01:02,POINT (4.832667755742331 45.78522526552736),30754,2022,['84'],['Auvergne-RhÃ´ne-Alpes'],['69'],['RhÃ´ne'],['691'],['Lyon'],['8421'],['Lyon'],['69123'],['Lyon'],['200046977'],['MÃ©tropole de Lyon'],,,['69034'],['Caluire-et-Cuire'],['69034'],['Caluire-et-Cuire'],['690340104'],['Coste-Croix-Rousse'],COSTE-CROIX-ROUSSE,coste-croix-rousse,FXX,iris d'habitat,Cuire,Non,,,4.832667755742331,45.78522526552736
79866681647,51041,Gare de Vénissieux,30448,95,2023-03-27 02:31:26,2023-03-27 06:01:02,POINT (4.8880065892793345 45.706138380224374),34599,2022,['84'],['Auvergne-RhÃ´ne-Alpes'],['69'],['RhÃ´ne'],['691'],['Lyon'],['8421'],['Lyon'],['69123'],['Lyon'],['200046977'],['MÃ©tropole de Lyon'],,,['69259'],['VÃ©nissieux'],['69259'],['VÃ©nissieux'],['692590203'],['CharrÃ©ard'],CHARRÃARD,charrÃ©ard,FXX,iris d'habitat,CharrÃ©ard-Monery,Non,,,4.8880065892793345,45.706138380224374
79866481549,51042,Gare de Vénissieux,30448,225,2023-03-27 02:31:26,2023-03-27 06:01:02,POINT (4.887940498544739 45.705266489372775),34599,2022,['84'],['Auvergne-RhÃ´ne-Alpes'],['69'],['RhÃ´ne'],['691'],['Lyon'],['8421'],['Lyon'],['69123'],['Lyon'],['200046977'],['MÃ©tropole de Lyon'],,,['69259'],['VÃ©nissieux'],['69259'],['VÃ©nissieux'],['692590203'],['CharrÃ©ard'],CHARRÃARD,charrÃ©ard,FXX,iris d'habitat,CharrÃ©ard-Monery,Non,,,4.887940498544739,45.705266489372775
79868381601,51043,Gare de Vénissieux,30448,226,2023-03-27 02:31:26,2023-03-27 06:01:02,POINT (4.88821113146557 45.70571993833471),34599,2022,['84'],['Auvergne-RhÃ´ne-Alpes'],['69'],['RhÃ´ne'],['691'],['Lyon'],['8421'],['Lyon'],['69123'],['Lyon'],['200046977'],['MÃ©tropole de Lyon'],,,['69259'],['VÃ©nissieux'],['69259'],['VÃ©nissieux'],['692590203'],['CharrÃ©ard'],CHARRÃARD,charrÃ©ard,FXX,iris d'habitat,CharrÃ©ard-Monery,Non,,,4.88821113146557,45.70571993833471
79857183143,50841,Parilly,"30183,30184",98,2023-03-27 02:31:26,2023-03-27 06:01:02,POINT (4.887413337908609 45.71961870085685),28433,2022,['84'],['Auvergne-RhÃ´ne-Alpes'],['69'],['RhÃ´ne'],['691'],['Lyon'],['8421'],['Lyon'],['69123'],['Lyon'],['200046977'],['MÃ©tropole de Lyon'],,,['69259'],['VÃ©nissieux'],['69259'],['VÃ©nissieux'],['692590802'],['Parilly'],PARILLY,parilly,FXX,iris d'habitat,Parilly,Non,,,4.887413337908609,45.71961870085685
79859183123,50842,Parilly,"30183,30184",227,2023-03-27 02:31:26,2023-03-27 06:01:02,POINT (4.887659727340656 45.71943937339797),28433,2022,['84'],['Auvergne-RhÃ´ne-Alpes'],['69'],['RhÃ´ne'],['691'],['Lyon'],['8421'],['Lyon'],['69123'],['Lyon'],['200046977'],['MÃ©tropole de Lyon'],,,['69259'],['VÃ©nissieux'],['69259'],['VÃ©nissieux'],['692590802'],['Parilly'],PARILLY,parilly,FXX,iris d'habitat,Parilly,Non,,,4.887659727340656,45.71943937339797
79529086836,50923,Saxe-gambetta,"30133,46040,30197,30198",203,2023-03-27 02:31:26,2023-03-27 06:01:02,POINT (4.846803080982573 45.75377623105608),47097,2022,['84'],['Auvergne-RhÃ´ne-Alpes'],['69'],['RhÃ´ne'],['691'],['Lyon'],,,['69123'],['Lyon'],['200046977'],['MÃ©tropole de Lyon'],,,['69123'],['Lyon'],['69387'],['Lyon 7e Arrondissement'],['693870301'],['Victor Basch'],VICTOR BASCH,victor basch,FXX,iris d'habitat,Victor Bach-Saint-Louis,Non,,,4.846803080982573,45.75377623105608
79524786720,50924,Saxe-gambetta,"30133,46040,30197,30198",204,2023-03-27 02:31:26,2023-03-27 06:01:02,POINT (4.84620732386546 45.75275225349719),47097,2022,['84'],['Auvergne-RhÃ´ne-Alpes'],['69'],['RhÃ´ne'],['691'],['Lyon'],,,['69123'],['Lyon'],['200046977'],['MÃ©tropole de Lyon'],,,['69123'],['Lyon'],['69387'],['Lyon 7e Arrondissement'],['693870301'],['Victor Basch'],VICTOR BASCH,victor basch,FXX,iris d'habitat,Victor Bach-Saint-Louis,Non,,,4.84620732386546,45.75275225349719
79501186044,51601,Jean Macé,46028,67,2023-03-27 02:31:26,2023-03-27 06:01:02,POINT (4.842900885189143 45.74674015621347),4361,2022,['84'],['Auvergne-RhÃ´ne-Alpes'],['69'],['RhÃ´ne'],['691'],['Lyon'],,,['69123'],['Lyon'],['200046977'],['MÃ©tropole de Lyon'],,,['69123'],['Lyon'],['69387'],['Lyon 7e Arrondissement'],['693870402'],['Jean MacÃ©'],JEAN MACÃ,jean macÃ©,FXX,iris d'habitat,Grand Quartier 4,Non,,,4.842900885189143,45.74674015621347
79499586050,51603,Jean Macé,46029,206,2023-03-27 02:31:26,2023-03-27 06:01:02,POINT (4.842698894717183 45.746793542816945),1879,2022,['84'],['Auvergne-RhÃ´ne-Alpes'],['69'],['RhÃ´ne'],['691'],['Lyon'],,,['69123'],['Lyon'],['200046977'],['MÃ©tropole de Lyon'],,,['69123'],['Lyon'],['69387'],['Lyon 7e Arrondissement'],['693870203'],['Mairie'],MAIRIE,mairie,FXX,iris d'habitat,Saint-Michel-Mairie,Non,,,4.842698894717183,45.746793542816945
79493785960,51604,Jean Macé,46029,207,2023-03-27 02:31:26,2023-03-27 06:01:02,POINT (4.841919657860573 45.74600020288127),4361,2022,['84'],['Auvergne-RhÃ´ne-Alpes'],['69'],['RhÃ´ne'],['691'],['Lyon'],,,['69123'],['Lyon'],['200046977'],['MÃ©tropole de Lyon'],,,['69123'],['Lyon'],['69387'],['Lyon 7e Arrondissement'],['693870402'],['Jean MacÃ©'],JEAN MACÃ,jean macÃ©,FXX,iris d'habitat,Grand Quartier 4,Non,,,4.841919657860573,45.74600020288127
79463885063,52211,Place Jean Jaurès,46030,71,2023-03-27 02:31:26,2023-03-27 06:01:02,POINT (4.837711803678958 45.738019381158146),37949,2022,['84'],['Auvergne-RhÃ´ne-Alpes'],['69'],['RhÃ´ne'],['691'],['Lyon'],,,['69123'],['Lyon'],['200046977'],['MÃ©tropole de Lyon'],,,['69123'],['Lyon'],['69387'],['Lyon 7e Arrondissement'],['693870705'],['Jean-JaurÃ¨s Nord'],JEAN-JAURÃS NORD,jean-jaurÃ¨s nord,FXX,iris d'habitat,Grand Quartier 7,Non,,,4.837711803678958,45.738019381158146
79460184969,52212,Place Jean Jaurès,46030,208,2023-03-27 02:31:26,2023-03-27 06:01:02,POINT (4.837200330996357 45.7371850310892),37949,2022,['84'],['Auvergne-RhÃ´ne-Alpes'],['69'],['RhÃ´ne'],['691'],['Lyon'],,,['69123'],['Lyon'],['200046977'],['MÃ©tropole de Lyon'],,,['69123'],['Lyon'],['69387'],['Lyon 7e Arrondissement'],['693870705'],['Jean-JaurÃ¨s Nord'],JEAN-JAURÃS NORD,jean-jaurÃ¨s nord,FXX,iris d'habitat,Grand Quartier 7,Non,,,4.837200330996357,45.7371850310892
79462385068,52213,Place Jean Jaurès,31663,209,2023-03-27 02:31:26,2023-03-27 06:01:02,POINT (4.837517643275708 45.73807474470251),30782,2022,['84'],['Auvergne-RhÃ´ne-Alpes'],['69'],['RhÃ´ne'],['691'],['Lyon'],,,['69123'],['Lyon'],['200046977'],['MÃ©tropole de Lyon'],,,['69123'],['Lyon'],['69387'],['Lyon 7e Arrondissement'],['693870601'],['Yves Farges'],YVES FARGES,yves farges,FXX,iris d'habitat,Yves Farges-Le Fleuve,Non,,,4.837517643275708,45.73807474470251
79458884975,52214,Place Jean Jaurès,31663,210,2023-03-27 02:31:26,2023-03-27 06:01:02,POINT (4.837024334901434 45.73724403959444),30782,2022,['84'],['Auvergne-RhÃ´ne-Alpes'],['69'],['RhÃ´ne'],['691'],['Lyon'],,,['69123'],['Lyon'],['200046977'],['MÃ©tropole de Lyon'],,,['69123'],['Lyon'],['69387'],['Lyon 7e Arrondissement'],['693870601'],['Yves Farges'],YVES FARGES,yves farges,FXX,iris d'habitat,Yves Farges-Le Fleuve,Non,,,4.837024334901434,45.73724403959444
79197789114,50941,Valmy,"30207,30208",151,2023-03-27 02:31:26,2023-03-27 06:01:02,POINT (4.805169988935393 45.775204749195524),14463,2022,['84'],['Auvergne-RhÃ´ne-Alpes'],['69'],['RhÃ´ne'],['691'],['Lyon'],,,['69123'],['Lyon'],['200046977'],['MÃ©tropole de Lyon'],,,['69123'],['Lyon'],['69389'],['Lyon 9e Arrondissement'],['693890303'],['Mairie'],MAIRIE,mairie,FXX,iris d'habitat,Salengro-Marietton,Non,,,4.805169988935393,45.775204749195524
79203489046,50942,Valmy,"30207,30208",262,2023-03-27 02:31:26,2023-03-27 06:01:02,POINT (4.805879146294099 45.774583204357505),14463,2022,['84'],['Auvergne-RhÃ´ne-Alpes'],['69'],['RhÃ´ne'],['691'],['Lyon'],,,['69123'],['Lyon'],['200046977'],['MÃ©tropole de Lyon'],,,['69123'],['Lyon'],['69389'],['Lyon 9e Arrondissement'],['693890303'],['Mairie'],MAIRIE,mairie,FXX,iris d'habitat,Salengro-Marietton,Non,,,4.805879146294099,45.774583204357505
79199088966,50943,Valmy,"30207,30208",263,2023-03-27 02:31:26,2023-03-27 06:01:02,POINT (4.805278519017889 45.77387128260109),14463,2022,['84'],['Auvergne-RhÃ´ne-Alpes'],['69'],['RhÃ´ne'],['691'],['Lyon'],,,['69123'],['Lyon'],['200046977'],['MÃ©tropole de Lyon'],,,['69123'],['Lyon'],['69389'],['Lyon 9e Arrondissement'],['693890303'],['Mairie'],MAIRIE,mairie,FXX,iris d'habitat,Salengro-Marietton,Non,,,4.805278519017889,45.77387128260109
79188489620,51031,Gare de Vaise,30209,154,2023-03-27 02:31:26,2023-03-27 06:01:02,POINT (4.804172937981866 45.7797860732531),4364,2022,['84'],['Auvergne-RhÃ´ne-Alpes'],['69'],['RhÃ´ne'],['691'],['Lyon'],,,['69123'],['Lyon'],['200046977'],['MÃ©tropole de Lyon'],,,['69123'],['Lyon'],['69389'],['Lyon 9e Arrondissement'],['693890203'],['Rochecardon-Gare de Vaise'],ROCHECARDON-GARE DE VAISE,rochecardon-gare de vaise,FXX,iris d'habitat,Le Bourg-Gare de Vaise,Non,,,4.804172937981866,45.7797860732531
79195089693,51032,Gare de Vaise,30209,264,2023-03-27 02:31:26,2023-03-27 06:01:02,POINT (4.805052555307158 45.78042148215994),4364,2022,['84'],['Auvergne-RhÃ´ne-Alpes'],['69'],['RhÃ´ne'],['691'],['Lyon'],,,['69123'],['Lyon'],['200046977'],['MÃ©tropole de Lyon'],,,['69123'],['Lyon'],['69389'],['Lyon 9e Arrondissement'],['693890203'],['Rochecardon-Gare de Vaise'],ROCHECARDON-GARE DE VAISE,rochecardon-gare de vaise,FXX,iris d'habitat,Le Bourg-Gare de Vaise,Non,,,4.805052555307158,45.78042148215994
79328987729,52241,Fourvière,30215,156,2023-03-27 02:31:26,2023-03-27 06:01:02,POINT (4.82147007466078 45.762384882852764),23383,2022,['84'],['Auvergne-RhÃ´ne-Alpes'],['69'],['RhÃ´ne'],['691'],['Lyon'],,,['69123'],['Lyon'],['200046977'],['MÃ©tropole de Lyon'],,,['69123'],['Lyon'],['69385'],['Lyon 5e Arrondissement'],['693850202'],['La Sarra'],LA SARRA,la sarra,FXX,iris d'habitat,La Sarra-Saint-Just,Non,,,4.82147007466078,45.762384882852764
79289287141,50931,St-Just,30214,157,2023-03-27 02:31:26,2023-03-27 06:01:02,POINT (4.816129577426849 45.757208325448595),16314,2022,['84'],['Auvergne-RhÃ´ne-Alpes'],['69'],['RhÃ´ne'],['691'],['Lyon'],,,['69123'],['Lyon'],['200046977'],['MÃ©tropole de Lyon'],,,['69123'],['Lyon'],['69385'],['Lyon 5e Arrondissement'],['693850204'],['Radisson-Choulans'],RADISSON-CHOULANS,radisson-choulans,FXX,iris d'habitat,La Sarra-Saint-Just,Non,,,4.816129577426849,45.757208325448595
79289587119,50932,St-Just,30214,265,2023-03-27 02:31:26,2023-03-27 06:01:02,POINT (4.816163478207352 45.75700469182691),16314,2022,['84'],['Auvergne-RhÃ´ne-Alpes'],['69'],['RhÃ´ne'],['691'],['Lyon'],,,['69123'],['Lyon'],['200046977'],['MÃ©tropole de Lyon'],,,['69123'],['Lyon'],['69385'],['Lyon 5e Arrondissement'],['693850204'],['Radisson-Choulans'],RADISSON-CHOULANS,radisson-choulans,FXX,iris d'habitat,La Sarra-Saint-Just,Non,,,4.816163478207352,45.75700469182691
79328287274,50801,Minimes,"30212,30213",159,2023-03-27 02:31:26,2023-03-27 06:01:02,POINT (4.82119648431185 45.75829173629979),4359,2022,['84'],['Auvergne-RhÃ´ne-Alpes'],['69'],['RhÃ´ne'],['691'],['Lyon'],,,['69123'],['Lyon'],['200046977'],['MÃ©tropole de Lyon'],,,['69123'],['Lyon'],['69385'],['Lyon 5e Arrondissement'],['693850201'],['FourviÃ¨re-Antiquaille'],FOURVIÃRE-ANTIQUAILLE,fourviÃ¨re-antiquaille,FXX,iris d'activitÃ©,La Sarra-Saint-Just,Non,,,4.82119648431185,45.75829173629979
79292382576,59041,Gare d'Oullins,46036,160,2023-03-27 02:31:26,2023-03-27 06:01:02,POINT (4.814677769615137 45.716148870612614),28424,2022,['84'],['Auvergne-RhÃ´ne-Alpes'],['69'],['RhÃ´ne'],['691'],['Lyon'],['8421'],['Lyon'],['69123'],['Lyon'],['200046977'],['MÃ©tropole de Lyon'],,,['69149'],['Oullins'],['69149'],['Oullins'],['691490402'],['Saulaie'],SAULAIE,saulaie,FXX,iris d'habitat,Saulaie-ClaveliÃ¨re,Non,,,4.814677769615137,45.716148870612614
